name_en *,sku,barcode,selling_price *,base_unit *,category,generic_name,brand_name,strength,dosage_form,manufacturer,description,units_per_pack,max_stock,initial_stock,purchase_price,batch_number,expiry_date
Vitamin D3 400IU/drop 100ml,DEM-0001,7000000000001,22.84,Bottle,Vitamins & Supplements,Cholecalciferol,Osso-D,400IU/drop,drops,Tabuk,Cholecalciferol 400IU/drop drops (1 btl),1,372,117,17.13,B-DEM-0001,2027-08-10
Esomeprazole 40mg,DEM-0002,7000000000002,34.35,Box,Gastrointestinal,Esomeprazole,Nexium,40mg,capsule,AstraZeneca,Esomeprazole 40mg capsule (14 box),14,551,274,24.28,B-DEM-0002,2028-10-23
Valsartan 160mg,DEM-0003,7000000000003,31.51,Box,Cardiovascular,Valsartan,Diovan,160mg,tablet,Novartis,Valsartan 160mg tablet (10 box),10,290,207,21.78,B-DEM-0003,2028-05-03
Celecoxib 200mg,DEM-0004,7000000000004,63.58,Box,Painkillers,Celecoxib,Celebrex,200mg,capsule,Pfizer,Celecoxib 200mg capsule (24 box),24,852,607,44.94,B-DEM-0004,2028-12-21
Diphenhydramine 12.5mg/5ml 60ml,DEM-0005,7000000000005,8.83,Bottle,Antihistamines,Diphenhydramine,Benadryl,12.5mg/5ml,syrup,J&J,Diphenhydramine 12.5mg/5ml syrup (1 btl),1,1078,978,6.10,B-DEM-0005,2028-11-07
Magnesium 300mg,DEM-0006,7000000000006,76.60,Box,Vitamins & Supplements,Magnesium Citrate,Magvital,300mg,tablet,Bayer,Magnesium Citrate 300mg tablet (60 box),60,1338,1172,50.90,B-DEM-0006,2028-01-15
Folic Acid 5mg,DEM-0007,7000000000007,14.47,Box,Baby & Mother,Folic Acid,Folacin,5mg,tablet,Teva,Folic Acid 5mg tablet (24 box),24,845,747,9.55,B-DEM-0007,2028-09-15
Losartan 50mg,DEM-0008,7000000000008,20.24,Box,Cardiovascular,Losartan,Cozaar,50mg,tablet,MSD,Losartan 50mg tablet (14 box),14,1165,924,14.16,B-DEM-0008,2028-04-24
Clindamycin 300mg,DEM-0009,7000000000009,70.83,Box,Antibiotics,Clindamycin,Dalacin,300mg,capsule,Pfizer,Clindamycin 300mg capsule (28 box),28,1108,1015,43.47,B-DEM-0009,2027-08-16
Artificial Tears 0.5% 150ml,DEM-0010,7000000000010,34.64,Bottle,Eye Care,Carboxymethylcellulose,Refresh,0.5%,eye_drops,Allergan,Carboxymethylcellulose 0.5% eye_drops (1 btl),1,1166,926,24.65,B-DEM-0010,2027-09-15
Glimepiride 4mg,DEM-0011,7000000000011,37.02,Box,Diabetes Care,Glimepiride,Amaryl,4mg,tablet,Sanofi,Glimepiride 4mg tablet (28 box),28,1520,1183,25.47,B-DEM-0011,2027-08-09
Lisinopril 5mg,DEM-0012,7000000000012,16.94,Box,Cardiovascular,Lisinopril,Zestril,5mg,tablet,AstraZeneca,Lisinopril 5mg tablet (28 box),28,690,300,11.06,B-DEM-0012,2028-08-02
Infant Formula 400g,DEM-0013,7000000000013,1310.28,Pack,Baby & Mother,Infant Formula,Aptamil,400g,powder,Danone,Infant Formula 400g powder (30 pack),30,388,158,904.17,B-DEM-0013,2028-03-29
Dextromethorphan 15mg/5ml 150ml,DEM-0014,7000000000014,17.21,Bottle,Respiratory,Dextromethorphan,Tussin,15mg/5ml,syrup,Tabuk,Dextromethorphan 15mg/5ml syrup (1 btl),1,1378,1082,10.73,B-DEM-0014,2028-01-12
Tiotropium 18mcg,DEM-0015,7000000000015,93.81,Piece,Respiratory,Tiotropium,Spiriva,18mcg,inhaler,Boehringer,Tiotropium 18mcg inhaler (1 pc),1,506,268,68.18,B-DEM-0015,2028-06-01
Pantoprazole 20mg,DEM-0016,7000000000016,33.45,Box,Gastrointestinal,Pantoprazole,Pantoloc,20mg,tablet,Takeda,Pantoprazole 20mg tablet (24 box),24,950,613,24.12,B-DEM-0016,2028-01-26
Fluconazole 150mg,DEM-0017,7000000000017,292.00,Box,Antibiotics,Fluconazole,Diflucan,150mg,capsule,Pfizer,Fluconazole 150mg capsule (24 box),24,795,587,183.10,B-DEM-0017,2027-07-08
Baby Shampoo 200ml 60ml,DEM-0018,7000000000018,15.29,Bottle,Baby & Mother,Baby Shampoo,Johnson's,200ml,syrup,J&J,Baby Shampoo 200ml syrup (1 btl),1,891,768,9.59,B-DEM-0018,2027-06-15
Colchicine 0.5mg,DEM-0019,7000000000019,44.48,Box,Chronic Care,Colchicine,Colcrys,0.5mg,tablet,Tabuk,Colchicine 0.5mg tablet (60 box),60,259,194,31.63,B-DEM-0019,2027-11-01
Baby Shampoo 500ml,DEM-0020,7000000000020,32.74,Bottle,Baby & Mother,Baby Shampoo,Johnson's,500ml,syrup,J&J,Baby Shampoo 500ml syrup (1 btl),1,1410,1128,21.49,B-DEM-0020,2028-01-15
Metronidazole 250mg,DEM-0021,7000000000021,17.54,Box,Antibiotics,Metronidazole,Flagyl,250mg,tablet,Sanofi,Metronidazole 250mg tablet (24 box),24,588,372,11.34,B-DEM-0021,2028-06-21
Celecoxib 100mg,DEM-0022,7000000000022,34.45,Box,Painkillers,Celecoxib,Celebrex,100mg,capsule,Pfizer,Celecoxib 100mg capsule (14 box),14,515,149,21.48,B-DEM-0022,2027-11-15
Allopurinol 100mg,DEM-0023,7000000000023,9.82,Box,Chronic Care,Allopurinol,Zyloric,100mg,tablet,GSK,Allopurinol 100mg tablet (20 box),20,475,208,6.54,B-DEM-0023,2028-03-13
Ciprofloxacin 250mg,DEM-0024,7000000000024,32.44,Box,Antibiotics,Ciprofloxacin,Cipro,250mg,tablet,Bayer,Ciprofloxacin 250mg tablet (24 box),24,1272,960,20.79,B-DEM-0024,2028-08-06
Doxycycline 100mg,DEM-0025,7000000000025,65.98,Box,Antibiotics,Doxycycline,Vibramycin,100mg,capsule,Pfizer,Doxycycline 100mg capsule (60 box),60,1146,749,40.69,B-DEM-0025,2028-08-22
Ibuprofen 100mg/5ml,DEM-0026,7000000000026,9.79,Bottle,Painkillers,Ibuprofen,Advil,100mg/5ml,syrup,Pfizer,Ibuprofen 100mg/5ml syrup (1 btl),1,1386,1134,5.94,B-DEM-0026,2028-04-19
B-Complex B1+B6+B12,DEM-0027,7000000000027,74.06,Box,Vitamins & Supplements,B-Complex,Neurobion,B1+B6+B12,tablet,Merck,B-Complex B1+B6+B12 tablet (60 box),60,214,56,47.78,B-DEM-0027,2028-01-04
Montelukast 10mg,DEM-0028,7000000000028,173.53,Box,Respiratory,Montelukast,Singulair,10mg,tablet,MSD,Montelukast 10mg tablet (60 box),60,620,567,112.66,B-DEM-0028,2028-03-31
Baby Shampoo 200ml 100ml,DEM-0029,7000000000029,21.84,Bottle,Baby & Mother,Baby Shampoo,Johnson's,200ml,syrup,J&J,Baby Shampoo 200ml syrup (1 btl),1,1258,936,13.53,B-DEM-0029,2027-12-05
Furosemide 40mg,DEM-0030,7000000000030,52.41,Box,Cardiovascular,Furosemide,Lasix,40mg,tablet,Sanofi,Furosemide 40mg tablet (100 box),100,1142,1071,32.01,B-DEM-0030,2028-06-05
Azithromycin 250mg,DEM-0031,7000000000031,220.50,Box,Antibiotics,Azithromycin,Zithromax,250mg,tablet,Pfizer,Azithromycin 250mg tablet (60 box),60,301,91,162.77,B-DEM-0031,2028-09-21
Amoxicillin 250mg,DEM-0032,7000000000032,25.10,Box,Antibiotics,Amoxicillin,Amoxil,250mg,capsule,GSK,Amoxicillin 250mg capsule (30 box),30,1138,881,16.15,B-DEM-0032,2028-08-09
Fexofenadine 180mg,DEM-0033,7000000000033,59.75,Box,Antihistamines,Fexofenadine,Telfast,180mg,tablet,Sanofi,Fexofenadine 180mg tablet (28 box),28,1071,705,43.03,B-DEM-0033,2027-12-01
Diclofenac 50mg,DEM-0034,7000000000034,32.55,Box,Painkillers,Diclofenac Sodium,Voltaren,50mg,tablet,Novartis,Diclofenac Sodium 50mg tablet (60 box),60,899,795,21.66,B-DEM-0034,2027-09-07
Metformin 850mg,DEM-0035,7000000000035,18.56,Box,Diabetes Care,Metformin,Glucophage,850mg,tablet,Merck,Metformin 850mg tablet (24 box),24,1191,939,12.59,B-DEM-0035,2028-07-23
Diclofenac 25mg,DEM-0036,7000000000036,7.05,Box,Painkillers,Diclofenac Sodium,Voltaren,25mg,tablet,Novartis,Diclofenac Sodium 25mg tablet (20 box),20,880,744,4.58,B-DEM-0036,2028-01-21
Baby Shampoo 200ml,DEM-0037,7000000000037,21.84,Bottle,Baby & Mother,Baby Shampoo,Johnson's,200ml,syrup,J&J,Baby Shampoo 200ml syrup (1 btl),1,1236,1087,14.84,B-DEM-0037,2027-10-03
Xylometazoline 0.1%,DEM-0038,7000000000038,15.25,Bottle,ENT,Xylometazoline,Otrivin,0.1%,nasal_spray,GSK,Xylometazoline 0.1% nasal_spray (1 btl),1,894,770,9.69,B-DEM-0038,2027-11-07
Ibuprofen 600mg,DEM-0039,7000000000039,22.24,Box,Painkillers,Ibuprofen,Advil,600mg,tablet,Pfizer,Ibuprofen 600mg tablet (30 box),30,837,452,15.35,B-DEM-0039,2027-12-03
Naproxen 500mg,DEM-0040,7000000000040,28.82,Box,Painkillers,Naproxen,Naprosyn,500mg,tablet,Roche,Naproxen 500mg tablet (30 box),30,742,404,19.30,B-DEM-0040,2028-10-26
Furosemide 40mg,DEM-0041,7000000000041,33.35,Box,Cardiovascular,Furosemide,Lasix,40mg,tablet,Sanofi,Furosemide 40mg tablet (60 box),60,799,715,20.77,B-DEM-0041,2028-04-27
Azithromycin 250mg,DEM-0042,7000000000042,21.00,Box,Antibiotics,Azithromycin,Zithromax,250mg,tablet,Pfizer,Azithromycin 250mg tablet (6 box),6,1312,960,15.11,B-DEM-0042,2028-04-14
Betamethasone 0.1% 30g,DEM-0043,7000000000043,15.14,Tube,Dermatology,Betamethasone,Betnovate,0.1%,ointment,GSK,Betamethasone 0.1% ointment (1 tube),1,1047,761,9.25,B-DEM-0043,2028-11-09
Fluconazole 150mg,DEM-0044,7000000000044,712.48,Box,Antibiotics,Fluconazole,Diflucan,150mg,capsule,Pfizer,Fluconazole 150mg capsule (60 box),60,327,131,466.90,B-DEM-0044,2027-08-06
Fluconazole 150mg,DEM-0045,7000000000045,338.72,Box,Antibiotics,Fluconazole,Diflucan,150mg,capsule,Pfizer,Fluconazole 150mg capsule (28 box),28,573,226,222.77,B-DEM-0045,2028-11-09
Diclofenac 75mg/3ml,DEM-0046,7000000000046,22.94,Ampoule,Painkillers,Diclofenac Sodium,Voltaren,75mg/3ml,injection,Novartis,Diclofenac Sodium 75mg/3ml injection (5 amp),5,1255,962,14.87,B-DEM-0046,2027-12-18
ORS 200ml,DEM-0047,7000000000047,39.06,Box,Gastrointestinal,Oral Rehydration Salts,ORS,200ml,powder,Tabuk,Oral Rehydration Salts 200ml powder (24 box),24,395,170,24.04,B-DEM-0047,2028-09-12
Baby Lotion 500ml,DEM-0048,7000000000048,36.43,Bottle,Baby & Mother,Baby Lotion,Johnson's,500ml,cream,J&J,Baby Lotion 500ml cream (1 btl),1,1349,1075,22.07,B-DEM-0048,2027-12-02
Domperidone 10mg,DEM-0049,7000000000049,11.38,Box,Gastrointestinal,Domperidone,Motilium,10mg,tablet,J&J,Domperidone 10mg tablet (20 box),20,1363,1127,7.87,B-DEM-0049,2028-11-25
Pantoprazole 40mg,DEM-0050,7000000000050,83.90,Box,Gastrointestinal,Pantoprazole,Pantoloc,40mg,tablet,Takeda,Pantoprazole 40mg tablet (60 box),60,853,630,55.48,B-DEM-0050,2028-07-09
Amoxicillin 500mg,DEM-0051,7000000000051,51.73,Box,Antibiotics,Amoxicillin,Amoxil,500mg,capsule,GSK,Amoxicillin 500mg capsule (60 box),60,1061,726,33.60,B-DEM-0051,2027-08-15
Nitrofurantoin 100mg,DEM-0052,7000000000052,30.12,Box,Antibiotics,Nitrofurantoin,Furadantin,100mg,tablet,GSK,Nitrofurantoin 100mg tablet (24 box),24,1019,633,21.34,B-DEM-0052,2028-02-22
Metronidazole 500mg,DEM-0053,7000000000053,72.98,Box,Antibiotics,Metronidazole,Flagyl,500mg,tablet,Sanofi,Metronidazole 500mg tablet (100 box),100,848,726,50.17,B-DEM-0053,2027-08-31
Azithromycin 200mg/5ml 60ml,DEM-0054,7000000000054,18.67,Bottle,Antibiotics,Azithromycin,Zithromax,200mg/5ml,suspension,Pfizer,Azithromycin 200mg/5ml suspension (1 btl),1,779,686,11.56,B-DEM-0054,2028-07-14
Cephalexin 250mg/5ml,DEM-0055,7000000000055,23.20,Bottle,Antibiotics,Cephalexin,Keflex,250mg/5ml,suspension,Tabuk,Cephalexin 250mg/5ml suspension (1 btl),1,1411,1193,16.16,B-DEM-0055,2028-06-28
Baby Shampoo 500ml 100ml,DEM-0056,7000000000056,32.74,Bottle,Baby & Mother,Baby Shampoo,Johnson's,500ml,syrup,J&J,Baby Shampoo 500ml syrup (1 btl),1,1388,1122,22.82,B-DEM-0056,2027-09-12
Xylometazoline 0.05%,DEM-0057,7000000000057,13.98,Bottle,ENT,Xylometazoline,Otrivin,0.05%,nasal_spray,GSK,Xylometazoline 0.05% nasal_spray (1 btl),1,247,88,9.04,B-DEM-0057,2028-06-14
Naproxen 250mg,DEM-0058,7000000000058,37.84,Box,Painkillers,Naproxen,Naprosyn,250mg,tablet,Roche,Naproxen 250mg tablet (60 box),60,1165,1045,23.99,B-DEM-0058,2027-12-22
Iron+Folic 100mg+350mcg,DEM-0059,7000000000059,16.49,Box,Vitamins & Supplements,Iron+Folic Acid,Fero-Grad,100mg+350mcg,tablet,Teva,Iron+Folic Acid 100mg+350mcg tablet (30 box),30,303,202,11.98,B-DEM-0059,2028-04-06
Loperamide 2mg,DEM-0060,7000000000060,34.51,Box,Gastrointestinal,Loperamide,Imodium,2mg,capsule,J&J,Loperamide 2mg capsule (30 box),30,858,730,23.80,B-DEM-0060,2027-10-21
Betamethasone 0.1% 15g,DEM-0061,7000000000061,10.60,Tube,Dermatology,Betamethasone,Betnovate,0.1%,ointment,GSK,Betamethasone 0.1% ointment (1 tube),1,487,415,7.51,B-DEM-0061,2027-11-25
Gliclazide 60mg,DEM-0062,7000000000062,26.11,Box,Diabetes Care,Gliclazide,Diamicron,60mg,tablet,Servier,Gliclazide 60mg tablet (14 box),14,1161,799,19.46,B-DEM-0062,2028-02-07
B-Complex B1+B6+B12,DEM-0063,7000000000063,42.32,Box,Vitamins & Supplements,B-Complex,Neurobion,B1+B6+B12,tablet,Merck,B-Complex B1+B6+B12 tablet (30 box),30,1176,968,28.78,B-DEM-0063,2028-02-03
Azithromycin 200mg/5ml,DEM-0064,7000000000064,26.67,Bottle,Antibiotics,Azithromycin,Zithromax,200mg/5ml,suspension,Pfizer,Azithromycin 200mg/5ml suspension (1 btl),1,794,452,18.72,B-DEM-0064,2028-06-19
Fexofenadine 180mg,DEM-0065,7000000000065,37.74,Box,Antihistamines,Fexofenadine,Telfast,180mg,tablet,Sanofi,Fexofenadine 180mg tablet (14 box),14,1306,999,27.05,B-DEM-0065,2028-03-23
Metronidazole 250mg,DEM-0066,7000000000066,10.32,Box,Antibiotics,Metronidazole,Flagyl,250mg,tablet,Sanofi,Metronidazole 250mg tablet (20 box),20,504,384,7.43,B-DEM-0066,2027-12-30
Hydrochlorothiazide 25mg,DEM-0067,7000000000067,9.19,Box,Cardiovascular,Hydrochlorothiazide,Esidrex,25mg,tablet,Novartis,Hydrochlorothiazide 25mg tablet (30 box),30,487,154,6.72,B-DEM-0067,2028-10-13
Clotrimazole 1%,DEM-0068,7000000000068,14.13,Tube,Dermatology,Clotrimazole,Canesten,1%,cream,Bayer,Clotrimazole 1% cream (1 tube),1,1231,1099,9.08,B-DEM-0068,2027-10-14
Throat Lozenges Menthol,DEM-0069,7000000000069,17.74,Box,ENT,Amylmetacresol+DCB,Strepsils,Menthol,tablet,Reckitt,Amylmetacresol+DCB Menthol tablet (10 box),10,1241,968,11.04,B-DEM-0069,2028-11-15
Levothyroxine 50mcg,DEM-0070,7000000000070,27.23,Box,Chronic Care,Levothyroxine,Eltroxin,50mcg,tablet,GSK,Levothyroxine 50mcg tablet (60 box),60,559,496,19.95,B-DEM-0070,2028-09-12
Montelukast 10mg,DEM-0071,7000000000071,95.83,Box,Respiratory,Montelukast,Singulair,10mg,tablet,MSD,Montelukast 10mg tablet (30 box),30,332,162,64.71,B-DEM-0071,2028-07-18
Guaifenesin 200mg,DEM-0072,7000000000072,15.85,Box,Respiratory,Guaifenesin,Mucinex,200mg,tablet,Reckitt,Guaifenesin 200mg tablet (14 box),14,432,219,10.04,B-DEM-0072,2028-06-26
Calcium 600mg+400IU,DEM-0073,7000000000073,38.99,Box,Vitamins & Supplements,Calcium+Vit D,Caltrate,600mg+400IU,tablet,Pfizer,Calcium+Vit D 600mg+400IU tablet (28 box),28,925,729,24.20,B-DEM-0073,2027-11-05
Amlodipine 10mg,DEM-0074,7000000000074,14.43,Box,Cardiovascular,Amlodipine,Norvasc,10mg,tablet,Pfizer,Amlodipine 10mg tablet (10 box),10,391,339,9.63,B-DEM-0074,2028-10-01
Amlodipine 10mg,DEM-0075,7000000000075,16.74,Box,Cardiovascular,Amlodipine,Norvasc,10mg,tablet,Pfizer,Amlodipine 10mg tablet (14 box),14,206,80,10.59,B-DEM-0075,2028-02-26
Vitamin D3 5000IU,DEM-0076,7000000000076,30.22,Box,Vitamins & Supplements,Cholecalciferol,Osso-D,5000IU,capsule,Tabuk,Cholecalciferol 5000IU capsule (20 box),20,392,280,19.21,B-DEM-0076,2028-03-30
Terbinafine 250mg,DEM-0077,7000000000077,187.98,Box,Dermatology,Terbinafine,Lamisil,250mg,tablet,Novartis,Terbinafine 250mg tablet (60 box),60,897,529,130.80,B-DEM-0077,2028-08-11
Glimepiride 1mg,DEM-0078,7000000000078,55.47,Box,Diabetes Care,Glimepiride,Amaryl,1mg,tablet,Sanofi,Glimepiride 1mg tablet (100 box),100,487,182,40.24,B-DEM-0078,2027-09-30
Insulin Aspart 100IU/ml Pen,DEM-0079,7000000000079,1136.13,Pack,Diabetes Care,Insulin Aspart,NovoRapid,100IU/ml Pen,injection,Novo Nordisk,Insulin Aspart 100IU/ml Pen injection (30 pack),30,1294,1095,804.13,B-DEM-0079,2028-02-11
Diaper Rash 125g,DEM-0080,7000000000080,32.45,Tube,Baby & Mother,Zinc Oxide,Sudocrem,125g,cream,Teva,Zinc Oxide 125g cream (1 tube),1,319,56,20.64,B-DEM-0080,2028-06-04
Bisoprolol 2.5mg,DEM-0081,7000000000081,12.33,Box,Cardiovascular,Bisoprolol,Concor,2.5mg,tablet,Merck,Bisoprolol 2.5mg tablet (14 box),14,304,220,9.20,B-DEM-0081,2028-11-26
Allopurinol 300mg,DEM-0082,7000000000082,14.43,Box,Chronic Care,Allopurinol,Zyloric,300mg,tablet,GSK,Allopurinol 300mg tablet (10 box),10,1087,839,8.75,B-DEM-0082,2028-10-02
Elastic Bandage 15cm,DEM-0083,7000000000083,15.31,Piece,First Aid,Elastic Bandage,Medline,15cm,tablet,Medline,Elastic Bandage 15cm tablet (1 pc),1,654,570,10.01,B-DEM-0083,2027-06-25
Aspirin 100mg,DEM-0084,7000000000084,5.40,Box,Painkillers,Acetylsalicylic Acid,Aspirin,100mg,tablet,Bayer,Acetylsalicylic Acid 100mg tablet (10 box),10,764,544,3.86,B-DEM-0084,2027-09-23
Vitamin D3 5000IU,DEM-0085,7000000000085,51.37,Box,Vitamins & Supplements,Cholecalciferol,Osso-D,5000IU,capsule,Tabuk,Cholecalciferol 5000IU capsule (24 box),24,513,134,35.03,B-DEM-0085,2028-06-03
Vitamin D3 400IU/drop,DEM-0086,7000000000086,22.84,Bottle,Vitamins & Supplements,Cholecalciferol,Osso-D,400IU/drop,drops,Tabuk,Cholecalciferol 400IU/drop drops (1 btl),1,1115,996,15.87,B-DEM-0086,2028-10-11
Clopidogrel 75mg,DEM-0087,7000000000087,82.93,Box,Cardiovascular,Clopidogrel,Plavix,75mg,tablet,Sanofi,Clopidogrel 75mg tablet (60 box),60,1051,979,53.41,B-DEM-0087,2027-07-16
Levothyroxine 50mcg,DEM-0088,7000000000088,14.16,Box,Chronic Care,Levothyroxine,Eltroxin,50mcg,tablet,GSK,Levothyroxine 50mcg tablet (24 box),24,444,131,10.48,B-DEM-0088,2028-04-27
Levothyroxine 100mcg,DEM-0089,7000000000089,14.05,Box,Chronic Care,Levothyroxine,Eltroxin,100mcg,tablet,GSK,Levothyroxine 100mcg tablet (30 box),30,1545,1164,8.96,B-DEM-0089,2028-10-05
Cephalexin 250mg,DEM-0090,7000000000090,94.27,Box,Antibiotics,Cephalexin,Keflex,250mg,capsule,Tabuk,Cephalexin 250mg capsule (100 box),100,705,631,68.75,B-DEM-0090,2028-06-08
Mebeverine 200mg,DEM-0091,7000000000091,92.95,Box,Gastrointestinal,Mebeverine,Duspatalin,200mg,capsule,Abbott,Mebeverine 200mg capsule (60 box),60,882,609,66.91,B-DEM-0091,2027-10-14
Glimepiride 2mg,DEM-0092,7000000000092,47.38,Box,Diabetes Care,Glimepiride,Amaryl,2mg,tablet,Sanofi,Glimepiride 2mg tablet (60 box),60,1097,952,30.84,B-DEM-0092,2028-07-08
Clopidogrel 75mg,DEM-0093,7000000000093,127.15,Box,Cardiovascular,Clopidogrel,Plavix,75mg,tablet,Sanofi,Clopidogrel 75mg tablet (100 box),100,1388,1073,93.92,B-DEM-0093,2028-06-19
Metformin 500mg,DEM-0094,7000000000094,9.73,Box,Diabetes Care,Metformin,Glucophage,500mg,tablet,Merck,Metformin 500mg tablet (14 box),14,575,217,5.95,B-DEM-0094,2028-08-16
Alcohol Swabs 100pcs,DEM-0095,7000000000095,9.77,Pack,First Aid,Isopropyl Alcohol,Medline,100pcs,tablet,Medline,Isopropyl Alcohol 100pcs tablet (14 pack),14,1252,1162,6.33,B-DEM-0095,2028-04-04
Aspirin 300mg,DEM-0096,7000000000096,27.20,Box,Painkillers,Acetylsalicylic Acid,Aspirin,300mg,tablet,Bayer,Acetylsalicylic Acid 300mg tablet (60 box),60,923,655,18.14,B-DEM-0096,2028-04-17
Atorvastatin 20mg,DEM-0097,7000000000097,28.13,Box,Cardiovascular,Atorvastatin,Lipitor,20mg,tablet,Pfizer,Atorvastatin 20mg tablet (30 box),30,1184,954,18.76,B-DEM-0097,2028-06-02
Aspirin 100mg,DEM-0098,7000000000098,6.26,Box,Painkillers,Acetylsalicylic Acid,Aspirin,100mg,tablet,Bayer,Acetylsalicylic Acid 100mg tablet (14 box),14,991,615,3.83,B-DEM-0098,2027-08-06
Cetirizine 10mg,DEM-0099,7000000000099,6.48,Box,Antihistamines,Cetirizine,Zyrtec,10mg,tablet,J&J,Cetirizine 10mg tablet (10 box),10,1193,796,4.67,B-DEM-0099,2028-11-15
Colchicine 0.5mg,DEM-0100,7000000000100,25.42,Box,Chronic Care,Colchicine,Colcrys,0.5mg,tablet,Tabuk,Colchicine 0.5mg tablet (30 box),30,505,108,18.49,B-DEM-0100,2027-11-02
Throat Lozenges Honey,DEM-0101,7000000000101,32.45,Box,ENT,Amylmetacresol+DCB,Strepsils,Honey,tablet,Reckitt,Amylmetacresol+DCB Honey tablet (28 box),28,505,125,19.80,B-DEM-0101,2027-10-16
Omega-3 1000mg,DEM-0102,7000000000102,79.19,Box,Vitamins & Supplements,Omega-3 Fish Oil,Seven Seas,1000mg,capsule,P&G,Omega-3 Fish Oil 1000mg capsule (60 box),60,858,792,58.79,B-DEM-0102,2028-07-05
Amlodipine 5mg,DEM-0103,7000000000103,34.77,Box,Cardiovascular,Amlodipine,Norvasc,5mg,tablet,Pfizer,Amlodipine 5mg tablet (60 box),60,1054,965,22.80,B-DEM-0103,2028-06-22
Co-Amoxiclav 457mg/5ml 60ml,DEM-0104,7000000000104,22.70,Bottle,Antibiotics,Amoxicillin+Clavulanate,Augmentin,457mg/5ml,suspension,GSK,Amoxicillin+Clavulanate 457mg/5ml suspension (1 btl),1,1510,1128,14.98,B-DEM-0104,2028-06-18
Co-Amoxiclav 375mg,DEM-0105,7000000000105,29.69,Box,Antibiotics,Amoxicillin+Clavulanate,Augmentin,375mg,tablet,GSK,Amoxicillin+Clavulanate 375mg tablet (20 box),20,704,559,17.93,B-DEM-0105,2027-10-03
Famotidine 40mg,DEM-0106,7000000000106,60.45,Box,Gastrointestinal,Famotidine,Pepcid,40mg,tablet,J&J,Famotidine 40mg tablet (60 box),60,1225,1115,44.55,B-DEM-0106,2028-07-09
Omeprazole 20mg,DEM-0107,7000000000107,72.84,Box,Gastrointestinal,Omeprazole,Losec,20mg,capsule,AstraZeneca,Omeprazole 20mg capsule (60 box),60,944,581,46.05,B-DEM-0107,2028-09-07
Sitagliptin 100mg,DEM-0108,7000000000108,196.84,Box,Diabetes Care,Sitagliptin,Januvia,100mg,tablet,MSD,Sitagliptin 100mg tablet (60 box),60,1141,1054,121.72,B-DEM-0108,2027-12-30
Empagliflozin 25mg,DEM-0109,7000000000109,125.18,Box,Diabetes Care,Empagliflozin,Jardiance,25mg,tablet,Boehringer,Empagliflozin 25mg tablet (24 box),24,806,407,93.83,B-DEM-0109,2028-09-06
Naproxen 500mg,DEM-0110,7000000000110,27.38,Box,Painkillers,Naproxen,Naprosyn,500mg,tablet,Roche,Naproxen 500mg tablet (28 box),28,959,761,18.69,B-DEM-0110,2027-08-14
Aspirin 300mg,DEM-0111,7000000000111,14.76,Box,Painkillers,Acetylsalicylic Acid,Aspirin,300mg,tablet,Bayer,Acetylsalicylic Acid 300mg tablet (28 box),28,681,371,10.61,B-DEM-0111,2027-12-04
Nitrofurantoin 50mg,DEM-0112,7000000000112,29.08,Box,Antibiotics,Nitrofurantoin,Furadantin,50mg,tablet,GSK,Nitrofurantoin 50mg tablet (30 box),30,466,295,20.90,B-DEM-0112,2027-12-31
Mebeverine 135mg,DEM-0113,7000000000113,29.62,Box,Gastrointestinal,Mebeverine,Duspatalin,135mg,tablet,Abbott,Mebeverine 135mg tablet (30 box),30,346,108,20.23,B-DEM-0113,2028-06-12
Guaifenesin 100mg/5ml 100ml,DEM-0114,7000000000114,15.24,Bottle,Respiratory,Guaifenesin,Mucinex,100mg/5ml,syrup,Reckitt,Guaifenesin 100mg/5ml syrup (1 btl),1,1277,1183,10.54,B-DEM-0114,2027-10-19
Diclofenac 50mg,DEM-0115,7000000000115,11.16,Box,Painkillers,Diclofenac Sodium,Voltaren,50mg,tablet,Novartis,Diclofenac Sodium 50mg tablet (14 box),14,970,675,8.37,B-DEM-0115,2028-07-20
Salbutamol 2mg/5ml 100ml,DEM-0116,7000000000116,9.24,Bottle,Respiratory,Salbutamol,Ventolin,2mg/5ml,syrup,GSK,Salbutamol 2mg/5ml syrup (1 btl),1,1103,891,5.72,B-DEM-0116,2027-08-23
Celecoxib 100mg,DEM-0117,7000000000117,48.81,Box,Painkillers,Celecoxib,Celebrex,100mg,capsule,Pfizer,Celecoxib 100mg capsule (24 box),24,1189,963,34.27,B-DEM-0117,2028-09-28
Guaifenesin 200mg,DEM-0118,7000000000118,13.21,Box,Respiratory,Guaifenesin,Mucinex,200mg,tablet,Reckitt,Guaifenesin 200mg tablet (10 box),10,1289,1173,9.45,B-DEM-0118,2027-12-12
Paracetamol 250mg,DEM-0119,7000000000119,34.36,Box,Painkillers,Paracetamol,Panadol,250mg,suppository,GSK,Paracetamol 250mg suppository (24 box),24,1397,1082,24.90,B-DEM-0119,2027-08-04
Vitamin D3 5000IU,DEM-0120,7000000000120,105.77,Box,Vitamins & Supplements,Cholecalciferol,Osso-D,5000IU,capsule,Tabuk,Cholecalciferol 5000IU capsule (60 box),60,831,666,66.03,B-DEM-0120,2027-11-24
Clindamycin 300mg,DEM-0121,7000000000121,133.79,Box,Antibiotics,Clindamycin,Dalacin,300mg,capsule,Pfizer,Clindamycin 300mg capsule (60 box),60,1291,1113,97.25,B-DEM-0121,2028-03-25
Doxycycline 100mg,DEM-0122,7000000000122,103.68,Box,Antibiotics,Doxycycline,Vibramycin,100mg,capsule,Pfizer,Doxycycline 100mg capsule (100 box),100,1379,1174,64.15,B-DEM-0122,2028-03-16
Fexofenadine 120mg,DEM-0123,7000000000123,47.86,Box,Antihistamines,Fexofenadine,Telfast,120mg,tablet,Sanofi,Fexofenadine 120mg tablet (30 box),30,1418,1071,32.96,B-DEM-0123,2027-11-28
Co-Amoxiclav 228mg/5ml 60ml,DEM-0124,7000000000124,16.86,Bottle,Antibiotics,Amoxicillin+Clavulanate,Augmentin,228mg/5ml,suspension,GSK,Amoxicillin+Clavulanate 228mg/5ml suspension (1 btl),1,732,394,12.25,B-DEM-0124,2028-05-19
Elastic Bandage 10cm,DEM-0125,7000000000125,11.15,Piece,First Aid,Elastic Bandage,Medline,10cm,tablet,Medline,Elastic Bandage 10cm tablet (1 pc),1,477,99,6.77,B-DEM-0125,2027-08-31
Aspirin 300mg,DEM-0126,7000000000126,15.54,Box,Painkillers,Acetylsalicylic Acid,Aspirin,300mg,tablet,Bayer,Acetylsalicylic Acid 300mg tablet (30 box),30,544,479,10.76,B-DEM-0126,2028-08-08
Cefuroxime 125mg/5ml 100ml,DEM-0127,7000000000127,30.78,Bottle,Antibiotics,Cefuroxime,Zinnat,125mg/5ml,suspension,GSK,Cefuroxime 125mg/5ml suspension (1 btl),1,1376,1172,21.43,B-DEM-0127,2028-03-31
Ibuprofen 600mg,DEM-0128,7000000000128,11.12,Box,Painkillers,Ibuprofen,Advil,600mg,tablet,Pfizer,Ibuprofen 600mg tablet (10 box),10,643,556,7.17,B-DEM-0128,2028-07-28
Lisinopril 5mg,DEM-0129,7000000000129,45.31,Box,Cardiovascular,Lisinopril,Zestril,5mg,tablet,AstraZeneca,Lisinopril 5mg tablet (100 box),100,651,364,30.01,B-DEM-0129,2028-09-01
Ciprofloxacin 500mg,DEM-0130,7000000000130,48.41,Box,Antibiotics,Ciprofloxacin,Cipro,500mg,tablet,Bayer,Ciprofloxacin 500mg tablet (28 box),28,955,742,31.32,B-DEM-0130,2027-11-03
Atenolol 100mg,DEM-0131,7000000000131,24.57,Box,Cardiovascular,Atenolol,Tenormin,100mg,tablet,AstraZeneca,Atenolol 100mg tablet (28 box),28,1180,867,17.55,B-DEM-0131,2027-10-20
Infant Formula 800g,DEM-0132,7000000000132,4532.05,Pack,Baby & Mother,Infant Formula,Aptamil,800g,powder,Danone,Infant Formula 800g powder (60 pack),60,882,696,3036.34,B-DEM-0132,2028-02-11
Montelukast 5mg,DEM-0133,7000000000133,30.70,Box,Respiratory,Montelukast,Singulair,5mg,tablet,MSD,Montelukast 5mg tablet (14 box),14,759,561,18.87,B-DEM-0133,2027-10-31
Atorvastatin 40mg,DEM-0134,7000000000134,51.89,Box,Cardiovascular,Atorvastatin,Lipitor,40mg,tablet,Pfizer,Atorvastatin 40mg tablet (28 box),28,1039,908,38.63,B-DEM-0134,2028-02-18
Naproxen 250mg,DEM-0135,7000000000135,21.62,Box,Painkillers,Naproxen,Naprosyn,250mg,tablet,Roche,Naproxen 250mg tablet (30 box),30,995,690,15.45,B-DEM-0135,2027-12-20
Atorvastatin 10mg,DEM-0136,7000000000136,22.23,Box,Cardiovascular,Atorvastatin,Lipitor,10mg,tablet,Pfizer,Atorvastatin 10mg tablet (14 box),14,1171,1075,15.00,B-DEM-0136,2028-04-19
Amoxicillin 250mg/5ml,DEM-0137,7000000000137,18.19,Bottle,Antibiotics,Amoxicillin,Amoxil,250mg/5ml,suspension,GSK,Amoxicillin 250mg/5ml suspension (1 btl),1,1247,1087,13.55,B-DEM-0137,2028-09-19
Artificial Tears 0.5% 100ml,DEM-0138,7000000000138,24.74,Bottle,Eye Care,Carboxymethylcellulose,Refresh,0.5%,eye_drops,Allergan,Carboxymethylcellulose 0.5% eye_drops (1 btl),1,505,150,15.89,B-DEM-0138,2027-07-30
Sitagliptin+Metformin 50/500mg,DEM-0139,7000000000139,75.67,Box,Diabetes Care,Sitagliptin+Metformin,Janumet,50/500mg,tablet,MSD,Sitagliptin+Metformin 50/500mg tablet (28 box),28,745,640,45.49,B-DEM-0139,2028-12-09
Amlodipine+Valsartan 10/160mg,DEM-0140,7000000000140,155.18,Box,Cardiovascular,Amlodipine+Valsartan,Exforge,10/160mg,tablet,Novartis,Amlodipine+Valsartan 10/160mg tablet (60 box),60,583,327,110.04,B-DEM-0140,2028-03-05
Cetirizine 5mg/5ml 100ml,DEM-0141,7000000000141,9.82,Bottle,Antihistamines,Cetirizine,Zyrtec,5mg/5ml,syrup,J&J,Cetirizine 5mg/5ml syrup (1 btl),1,480,143,5.97,B-DEM-0141,2028-07-23
Furosemide 40mg,DEM-0142,7000000000142,9.53,Box,Cardiovascular,Furosemide,Lasix,40mg,tablet,Sanofi,Furosemide 40mg tablet (20 box),20,1035,788,6.13,B-DEM-0142,2028-12-26
Diclofenac 25mg,DEM-0143,7000000000143,7.05,Box,Painkillers,Diclofenac Sodium,Voltaren,25mg,tablet,Novartis,Diclofenac Sodium 25mg tablet (10 box),10,1549,1180,5.10,B-DEM-0143,2028-03-21
Mebeverine 200mg,DEM-0144,7000000000144,53.29,Box,Gastrointestinal,Mebeverine,Duspatalin,200mg,capsule,Abbott,Mebeverine 200mg capsule (28 box),28,529,306,35.12,B-DEM-0144,2027-09-16
Rosuvastatin 10mg,DEM-0145,7000000000145,31.62,Box,Cardiovascular,Rosuvastatin,Crestor,10mg,tablet,AstraZeneca,Rosuvastatin 10mg tablet (14 box),14,601,346,21.83,B-DEM-0145,2027-12-29
Antacid 500mg/10ml 150ml,DEM-0146,7000000000146,31.11,Bottle,Gastrointestinal,Alginate+Antacid,Gaviscon,500mg/10ml,suspension,Reckitt,Alginate+Antacid 500mg/10ml suspension (1 btl),1,353,133,19.31,B-DEM-0146,2027-07-18
Levothyroxine 100mcg,DEM-0147,7000000000147,35.12,Box,Chronic Care,Levothyroxine,Eltroxin,100mcg,tablet,GSK,Levothyroxine 100mcg tablet (60 box),60,1431,1118,21.86,B-DEM-0147,2028-09-18
Ambroxol 15mg/5ml 100ml,DEM-0148,7000000000148,12.44,Bottle,Respiratory,Ambroxol,Mucosolvan,15mg/5ml,syrup,Sanofi,Ambroxol 15mg/5ml syrup (1 btl),1,1080,715,7.77,B-DEM-0148,2028-04-30
Chloramphenicol ED 0.5%,DEM-0149,7000000000149,9.59,Bottle,Eye Care,Chloramphenicol,Isopto,0.5%,eye_drops,Novartis,Chloramphenicol 0.5% eye_drops (1 btl),1,1059,737,6.95,B-DEM-0149,2028-11-09
Esomeprazole 40mg,DEM-0150,7000000000150,85.88,Box,Gastrointestinal,Esomeprazole,Nexium,40mg,capsule,AstraZeneca,Esomeprazole 40mg capsule (28 box),28,906,668,62.04,B-DEM-0150,2028-10-07
Glimepiride 1mg,DEM-0151,7000000000151,36.18,Box,Diabetes Care,Glimepiride,Amaryl,1mg,tablet,Sanofi,Glimepiride 1mg tablet (60 box),60,646,274,24.88,B-DEM-0151,2028-08-08
Gauze 10x10cm,DEM-0152,7000000000152,80.53,Pack,First Aid,Sterile Gauze,Medline,10x10cm,tablet,Medline,Sterile Gauze 10x10cm tablet (60 pack),60,1357,1011,60.00,B-DEM-0152,2028-03-06
Empagliflozin 10mg,DEM-0153,7000000000153,83.38,Box,Diabetes Care,Empagliflozin,Jardiance,10mg,tablet,Boehringer,Empagliflozin 10mg tablet (14 box),14,524,152,52.16,B-DEM-0153,2028-10-12
Ibuprofen 5% 15g,DEM-0154,7000000000154,9.21,Tube,Painkillers,Ibuprofen,Advil,5%,gel,Pfizer,Ibuprofen 5% gel (1 tube),1,460,354,5.57,B-DEM-0154,2028-02-12
Famotidine 40mg,DEM-0155,7000000000155,29.36,Box,Gastrointestinal,Famotidine,Pepcid,40mg,tablet,J&J,Famotidine 40mg tablet (24 box),24,211,84,19.00,B-DEM-0155,2028-09-02
Paracetamol 125mg,DEM-0156,7000000000156,56.42,Box,Painkillers,Paracetamol,Panadol,125mg,suppository,GSK,Paracetamol 125mg suppository (60 box),60,833,470,38.10,B-DEM-0156,2028-08-02
Meloxicam 15mg,DEM-0157,7000000000157,67.23,Box,Painkillers,Meloxicam,Mobic,15mg,tablet,Boehringer,Meloxicam 15mg tablet (60 box),60,519,182,45.57,B-DEM-0157,2027-10-28
Glimepiride 2mg,DEM-0158,7000000000158,72.64,Box,Diabetes Care,Glimepiride,Amaryl,2mg,tablet,Sanofi,Glimepiride 2mg tablet (100 box),100,1167,1029,47.69,B-DEM-0158,2028-11-28
Nitrofurantoin 100mg,DEM-0159,7000000000159,33.67,Box,Antibiotics,Nitrofurantoin,Furadantin,100mg,tablet,GSK,Nitrofurantoin 100mg tablet (28 box),28,1541,1145,22.96,B-DEM-0159,2028-05-24
Omega-3 1000mg,DEM-0160,7000000000160,43.50,Box,Vitamins & Supplements,Omega-3 Fish Oil,Seven Seas,1000mg,capsule,P&G,Omega-3 Fish Oil 1000mg capsule (30 box),30,1231,1039,32.35,B-DEM-0160,2027-12-22
Fexofenadine 180mg,DEM-0161,7000000000161,53.46,Box,Antihistamines,Fexofenadine,Telfast,180mg,tablet,Sanofi,Fexofenadine 180mg tablet (24 box),24,665,509,38.26,B-DEM-0161,2028-04-08
Amlodipine+Valsartan 10/160mg,DEM-0162,7000000000162,80.69,Box,Cardiovascular,Amlodipine+Valsartan,Exforge,10/160mg,tablet,Novartis,Amlodipine+Valsartan 10/160mg tablet (24 box),24,894,704,52.64,B-DEM-0162,2028-10-12
Etoricoxib 90mg,DEM-0163,7000000000163,93.50,Box,Painkillers,Etoricoxib,Arcoxia,90mg,tablet,MSD,Etoricoxib 90mg tablet (28 box),28,550,298,61.43,B-DEM-0163,2028-12-16
Ibuprofen 5%,DEM-0164,7000000000164,13.15,Tube,Painkillers,Ibuprofen,Advil,5%,gel,Pfizer,Ibuprofen 5% gel (1 tube),1,440,350,7.97,B-DEM-0164,2028-04-01
Montelukast 4mg,DEM-0165,7000000000165,30.40,Box,Respiratory,Montelukast,Singulair,4mg,tablet,MSD,Montelukast 4mg tablet (14 box),14,1115,956,21.65,B-DEM-0165,2028-02-26
Xylometazoline 0.05% 60ml,DEM-0166,7000000000166,9.79,Bottle,ENT,Xylometazoline,Otrivin,0.05%,nasal_spray,GSK,Xylometazoline 0.05% nasal_spray (1 btl),1,1338,1149,7.24,B-DEM-0166,2028-03-12
Co-Amoxiclav 457mg/5ml,DEM-0167,7000000000167,32.43,Bottle,Antibiotics,Amoxicillin+Clavulanate,Augmentin,457mg/5ml,suspension,GSK,Amoxicillin+Clavulanate 457mg/5ml suspension (1 btl),1,659,267,20.64,B-DEM-0167,2028-02-09
Betamethasone 0.1%,DEM-0168,7000000000168,14.86,Tube,Dermatology,Betamethasone,Betnovate,0.1%,cream,GSK,Betamethasone 0.1% cream (1 tube),1,742,523,9.14,B-DEM-0168,2027-08-01
Throat Lozenges Honey,DEM-0169,7000000000169,17.85,Box,ENT,Amylmetacresol+DCB,Strepsils,Honey,tablet,Reckitt,Amylmetacresol+DCB Honey tablet (10 box),10,591,260,10.72,B-DEM-0169,2027-10-27
Metronidazole 500mg,DEM-0170,7000000000170,26.54,Box,Antibiotics,Metronidazole,Flagyl,500mg,tablet,Sanofi,Metronidazole 500mg tablet (30 box),30,1030,878,17.82,B-DEM-0170,2028-10-08
Fexofenadine 120mg,DEM-0171,7000000000171,28.72,Box,Antihistamines,Fexofenadine,Telfast,120mg,tablet,Sanofi,Fexofenadine 120mg tablet (14 box),14,801,706,20.01,B-DEM-0171,2028-03-27
Cetirizine 10mg,DEM-0172,7000000000172,18.79,Box,Antihistamines,Cetirizine,Zyrtec,10mg,tablet,J&J,Cetirizine 10mg tablet (24 box),24,1281,1142,13.85,B-DEM-0172,2027-07-17
Metronidazole 125mg/5ml 60ml,DEM-0173,7000000000173,8.72,Bottle,Antibiotics,Metronidazole,Flagyl,125mg/5ml,suspension,Sanofi,Metronidazole 125mg/5ml suspension (1 btl),1,666,413,6.54,B-DEM-0173,2027-07-16
Sitagliptin 50mg,DEM-0174,7000000000174,86.83,Box,Diabetes Care,Sitagliptin,Januvia,50mg,tablet,MSD,Sitagliptin 50mg tablet (24 box),24,490,436,63.52,B-DEM-0174,2028-03-31
Ear Drops 0.5% 150ml,DEM-0175,7000000000175,18.30,Bottle,ENT,Chloramphenicol ED,Otomycin,0.5%,ear_drops,Tabuk,Chloramphenicol ED 0.5% ear_drops (1 btl),1,646,268,11.76,B-DEM-0175,2028-05-17
Clopidogrel 75mg,DEM-0176,7000000000176,47.54,Box,Cardiovascular,Clopidogrel,Plavix,75mg,tablet,Sanofi,Clopidogrel 75mg tablet (28 box),28,477,329,31.86,B-DEM-0176,2028-11-06
Simethicone 80mg,DEM-0177,7000000000177,22.30,Box,Gastrointestinal,Simethicone,Disflatyl,80mg,tablet,Tabuk,Simethicone 80mg tablet (30 box),30,1101,720,15.83,B-DEM-0177,2027-11-22
Meloxicam 15mg,DEM-0178,7000000000178,38.42,Box,Painkillers,Meloxicam,Mobic,15mg,tablet,Boehringer,Meloxicam 15mg tablet (30 box),30,630,429,27.30,B-DEM-0178,2027-06-23
Losartan 50mg,DEM-0179,7000000000179,80.27,Box,Cardiovascular,Losartan,Cozaar,50mg,tablet,MSD,Losartan 50mg tablet (100 box),100,718,405,58.12,B-DEM-0179,2028-07-28
Pantoprazole 40mg,DEM-0180,7000000000180,48.10,Box,Gastrointestinal,Pantoprazole,Pantoloc,40mg,tablet,Takeda,Pantoprazole 40mg tablet (28 box),28,371,227,33.69,B-DEM-0180,2028-07-23
Atorvastatin 10mg,DEM-0181,7000000000181,23.00,Box,Cardiovascular,Atorvastatin,Lipitor,10mg,tablet,Pfizer,Atorvastatin 10mg tablet (30 box),30,1074,1021,17.03,B-DEM-0181,2028-05-05
Nitrofurantoin 100mg,DEM-0182,7000000000182,21.26,Box,Antibiotics,Nitrofurantoin,Furadantin,100mg,tablet,GSK,Nitrofurantoin 100mg tablet (14 box),14,1019,833,14.18,B-DEM-0182,2028-02-05
Clopidogrel 75mg,DEM-0183,7000000000183,33.17,Box,Cardiovascular,Clopidogrel,Plavix,75mg,tablet,Sanofi,Clopidogrel 75mg tablet (30 box),30,902,668,21.20,B-DEM-0183,2027-06-20
Iron+Folic 50mg/5ml 150ml,DEM-0184,7000000000184,19.40,Bottle,Vitamins & Supplements,Iron+Folic Acid,Fero-Grad,50mg/5ml,syrup,Teva,Iron+Folic Acid 50mg/5ml syrup (1 btl),1,305,174,12.99,B-DEM-0184,2027-10-08
Loratadine 10mg,DEM-0185,7000000000185,80.22,Box,Antihistamines,Loratadine,Clarityne,10mg,tablet,Bayer,Loratadine 10mg tablet (100 box),100,1458,1081,56.44,B-DEM-0185,2028-04-22
Fluconazole 150mg,DEM-0186,7000000000186,175.20,Box,Antibiotics,Fluconazole,Diflucan,150mg,capsule,Pfizer,Fluconazole 150mg capsule (14 box),14,919,801,110.88,B-DEM-0186,2028-01-21
Lisinopril 10mg,DEM-0187,7000000000187,14.00,Box,Cardiovascular,Lisinopril,Zestril,10mg,tablet,AstraZeneca,Lisinopril 10mg tablet (14 box),14,728,368,9.97,B-DEM-0187,2028-09-16
Aspirin 300mg,DEM-0188,7000000000188,7.77,Box,Painkillers,Acetylsalicylic Acid,Aspirin,300mg,tablet,Bayer,Acetylsalicylic Acid 300mg tablet (10 box),10,1227,902,5.73,B-DEM-0188,2028-12-22
Fluconazole 50mg,DEM-0189,7000000000189,296.01,Box,Antibiotics,Fluconazole,Diflucan,50mg,capsule,Pfizer,Fluconazole 50mg capsule (100 box),100,872,552,200.94,B-DEM-0189,2027-08-31
Loperamide 2mg,DEM-0190,7000000000190,64.09,Box,Gastrointestinal,Loperamide,Imodium,2mg,capsule,J&J,Loperamide 2mg capsule (60 box),60,540,210,39.05,B-DEM-0190,2027-10-01
Simethicone 80mg,DEM-0191,7000000000191,11.15,Box,Gastrointestinal,Simethicone,Disflatyl,80mg,tablet,Tabuk,Simethicone 80mg tablet (20 box),20,1461,1145,6.97,B-DEM-0191,2027-11-09
Gliclazide 30mg,DEM-0192,7000000000192,19.57,Box,Diabetes Care,Gliclazide,Diamicron,30mg,tablet,Servier,Gliclazide 30mg tablet (30 box),30,592,292,13.85,B-DEM-0192,2028-01-05
Meloxicam 15mg,DEM-0193,7000000000193,23.05,Box,Painkillers,Meloxicam,Mobic,15mg,tablet,Boehringer,Meloxicam 15mg tablet (14 box),14,1369,1087,16.63,B-DEM-0193,2028-09-07
Domperidone 1mg/ml 150ml,DEM-0194,7000000000194,18.00,Bottle,Gastrointestinal,Domperidone,Motilium,1mg/ml,suspension,J&J,Domperidone 1mg/ml suspension (1 btl),1,1174,1095,12.03,B-DEM-0194,2028-08-07
B-Complex B1+B6+B12,DEM-0195,7000000000195,40.20,Box,Vitamins & Supplements,B-Complex,Neurobion,B1+B6+B12,tablet,Merck,B-Complex B1+B6+B12 tablet (28 box),28,736,685,26.51,B-DEM-0195,2027-07-01
Etoricoxib 90mg,DEM-0196,7000000000196,82.81,Box,Painkillers,Etoricoxib,Arcoxia,90mg,tablet,MSD,Etoricoxib 90mg tablet (24 box),24,277,195,54.95,B-DEM-0196,2027-07-25
Naproxen 500mg,DEM-0197,7000000000197,24.50,Box,Painkillers,Naproxen,Naprosyn,500mg,tablet,Roche,Naproxen 500mg tablet (24 box),24,441,182,14.82,B-DEM-0197,2028-10-04
Metformin 850mg,DEM-0198,7000000000198,35.70,Box,Diabetes Care,Metformin,Glucophage,850mg,tablet,Merck,Metformin 850mg tablet (60 box),60,567,322,23.43,B-DEM-0198,2028-08-12
Fusidic Acid 2%,DEM-0199,7000000000199,26.29,Tube,Dermatology,Fusidic Acid,Fucidin,2%,cream,Leo,Fusidic Acid 2% cream (1 tube),1,1215,827,16.09,B-DEM-0199,2028-06-27
Insulin Aspart 100IU/ml,DEM-0200,7000000000200,96.91,Vial,Diabetes Care,Insulin Aspart,NovoRapid,100IU/ml,injection,Novo Nordisk,Insulin Aspart 100IU/ml injection (1 vial),1,1081,756,60.74,B-DEM-0200,2027-10-08
Sunscreen SPF50+ 30g,DEM-0201,7000000000201,88.90,Tube,Dermatology,Sunscreen,La Roche-Posay,SPF50+,cream,L'Oreal,Sunscreen SPF50+ cream (1 tube),1,1299,1135,63.05,B-DEM-0201,2027-10-17
ORS 200ml,DEM-0202,7000000000202,18.81,Box,Gastrointestinal,Oral Rehydration Salts,ORS,200ml,powder,Tabuk,Oral Rehydration Salts 200ml powder (10 box),10,414,86,12.59,B-DEM-0202,2028-04-09
Ambroxol 30mg,DEM-0203,7000000000203,12.53,Box,Respiratory,Ambroxol,Mucosolvan,30mg,tablet,Sanofi,Ambroxol 30mg tablet (20 box),20,1318,1142,9.07,B-DEM-0203,2028-07-01
Allopurinol 300mg,DEM-0204,7000000000204,14.43,Box,Chronic Care,Allopurinol,Zyloric,300mg,tablet,GSK,Allopurinol 300mg tablet (20 box),20,869,762,9.25,B-DEM-0204,2027-11-14
Atorvastatin 10mg,DEM-0205,7000000000205,29.90,Box,Cardiovascular,Atorvastatin,Lipitor,10mg,tablet,Pfizer,Atorvastatin 10mg tablet (24 box),24,983,899,19.02,B-DEM-0205,2027-06-25
Cephalexin 500mg,DEM-0206,7000000000206,23.96,Box,Antibiotics,Cephalexin,Keflex,500mg,capsule,Tabuk,Cephalexin 500mg capsule (14 box),14,185,111,16.52,B-DEM-0206,2028-09-08
Nitrofurantoin 50mg,DEM-0207,7000000000207,17.45,Box,Antibiotics,Nitrofurantoin,Furadantin,50mg,tablet,GSK,Nitrofurantoin 50mg tablet (14 box),14,463,137,11.62,B-DEM-0207,2028-07-24
Esomeprazole 20mg,DEM-0208,7000000000208,55.53,Box,Gastrointestinal,Esomeprazole,Nexium,20mg,capsule,AstraZeneca,Esomeprazole 20mg capsule (24 box),24,359,161,37.52,B-DEM-0208,2027-10-30
Vitamin D3 1000IU,DEM-0209,7000000000209,19.72,Box,Vitamins & Supplements,Cholecalciferol,Osso-D,1000IU,capsule,Tabuk,Cholecalciferol 1000IU capsule (30 box),30,823,700,12.53,B-DEM-0209,2028-05-02
Xylometazoline 0.1% 100ml,DEM-0210,7000000000210,15.25,Bottle,ENT,Xylometazoline,Otrivin,0.1%,nasal_spray,GSK,Xylometazoline 0.1% nasal_spray (1 btl),1,1228,893,9.78,B-DEM-0210,2028-04-11
Amlodipine 5mg,DEM-0211,7000000000211,18.08,Box,Cardiovascular,Amlodipine,Norvasc,5mg,tablet,Pfizer,Amlodipine 5mg tablet (24 box),24,1145,919,12.19,B-DEM-0211,2028-12-29
Metformin 500mg,DEM-0212,7000000000212,38.60,Box,Diabetes Care,Metformin,Glucophage,500mg,tablet,Merck,Metformin 500mg tablet (100 box),100,1385,1126,27.19,B-DEM-0212,2028-04-30
Colchicine 0.5mg,DEM-0213,7000000000213,12.71,Box,Chronic Care,Colchicine,Colcrys,0.5mg,tablet,Tabuk,Colchicine 0.5mg tablet (10 box),10,983,658,7.98,B-DEM-0213,2028-06-28
Valsartan 160mg,DEM-0214,7000000000214,54.19,Box,Cardiovascular,Valsartan,Diovan,160mg,tablet,Novartis,Valsartan 160mg tablet (28 box),28,671,548,34.96,B-DEM-0214,2028-01-25
Montelukast 4mg,DEM-0215,7000000000215,76.00,Box,Respiratory,Montelukast,Singulair,4mg,tablet,MSD,Montelukast 4mg tablet (28 box),28,507,172,56.63,B-DEM-0215,2028-08-04
Domperidone 10mg,DEM-0216,7000000000216,13.66,Box,Gastrointestinal,Domperidone,Motilium,10mg,tablet,J&J,Domperidone 10mg tablet (14 box),14,1058,839,8.72,B-DEM-0216,2028-02-12
Atenolol 50mg,DEM-0217,7000000000217,32.02,Box,Cardiovascular,Atenolol,Tenormin,50mg,tablet,AstraZeneca,Atenolol 50mg tablet (60 box),60,1110,963,19.66,B-DEM-0217,2028-06-22
Bisoprolol 10mg,DEM-0218,7000000000218,83.61,Box,Cardiovascular,Bisoprolol,Concor,10mg,tablet,Merck,Bisoprolol 10mg tablet (100 box),100,948,590,58.61,B-DEM-0218,2028-06-29
Furosemide 40mg,DEM-0219,7000000000219,18.11,Box,Cardiovascular,Furosemide,Lasix,40mg,tablet,Sanofi,Furosemide 40mg tablet (28 box),28,540,190,13.05,B-DEM-0219,2027-12-18
Betamethasone 0.1%,DEM-0220,7000000000220,15.14,Tube,Dermatology,Betamethasone,Betnovate,0.1%,ointment,GSK,Betamethasone 0.1% ointment (1 tube),1,1247,1027,11.06,B-DEM-0220,2028-01-08
Co-Amoxiclav 1g,DEM-0221,7000000000221,347.90,Box,Antibiotics,Amoxicillin+Clavulanate,Augmentin,1g,tablet,GSK,Amoxicillin+Clavulanate 1g tablet (100 box),100,190,80,257.65,B-DEM-0221,2028-01-11
Tramadol 50mg,DEM-0222,7000000000222,16.89,Box,Painkillers,Tramadol,Tramal,50mg,capsule,Grünenthal,Tramadol 50mg capsule (20 box),20,723,551,11.14,B-DEM-0222,2028-01-04
Allopurinol 100mg,DEM-0223,7000000000223,16.69,Box,Chronic Care,Allopurinol,Zyloric,100mg,tablet,GSK,Allopurinol 100mg tablet (24 box),24,1011,629,11.18,B-DEM-0223,2028-07-02
Atenolol 50mg,DEM-0224,7000000000224,16.65,Box,Cardiovascular,Atenolol,Tenormin,50mg,tablet,AstraZeneca,Atenolol 50mg tablet (24 box),24,986,682,10.89,B-DEM-0224,2028-03-02
Rosuvastatin 20mg,DEM-0225,7000000000225,53.86,Box,Cardiovascular,Rosuvastatin,Crestor,20mg,tablet,AstraZeneca,Rosuvastatin 20mg tablet (24 box),24,468,255,38.47,B-DEM-0225,2028-10-01
Azithromycin 200mg/5ml 150ml,DEM-0226,7000000000226,37.34,Bottle,Antibiotics,Azithromycin,Zithromax,200mg/5ml,suspension,Pfizer,Azithromycin 200mg/5ml suspension (1 btl),1,1143,805,24.72,B-DEM-0226,2028-04-24
Ambroxol 30mg,DEM-0227,7000000000227,15.04,Box,Respiratory,Ambroxol,Mucosolvan,30mg,tablet,Sanofi,Ambroxol 30mg tablet (14 box),14,694,345,9.61,B-DEM-0227,2027-06-25
Betamethasone 0.1% 30g,DEM-0228,7000000000228,14.86,Tube,Dermatology,Betamethasone,Betnovate,0.1%,cream,GSK,Betamethasone 0.1% cream (1 tube),1,824,657,9.35,B-DEM-0228,2027-11-12
Loratadine 10mg,DEM-0229,7000000000229,49.66,Box,Antihistamines,Loratadine,Clarityne,10mg,tablet,Bayer,Loratadine 10mg tablet (60 box),60,955,555,33.90,B-DEM-0229,2028-11-01
Diclofenac 25mg,DEM-0230,7000000000230,38.77,Box,Painkillers,Diclofenac Sodium,Voltaren,25mg,tablet,Novartis,Diclofenac Sodium 25mg tablet (100 box),100,955,577,28.88,B-DEM-0230,2028-10-21
Glimepiride 2mg,DEM-0231,7000000000231,27.16,Box,Diabetes Care,Glimepiride,Amaryl,2mg,tablet,Sanofi,Glimepiride 2mg tablet (28 box),28,1228,998,19.28,B-DEM-0231,2027-11-28
Clindamycin 150mg,DEM-0232,7000000000232,55.19,Box,Antibiotics,Clindamycin,Dalacin,150mg,capsule,Pfizer,Clindamycin 150mg capsule (30 box),30,658,331,37.16,B-DEM-0232,2028-12-19
Etoricoxib 120mg,DEM-0233,7000000000233,47.78,Box,Painkillers,Etoricoxib,Arcoxia,120mg,tablet,MSD,Etoricoxib 120mg tablet (14 box),14,1202,1114,34.68,B-DEM-0233,2027-07-13
Ibuprofen 5% 50g,DEM-0234,7000000000234,19.73,Tube,Painkillers,Ibuprofen,Advil,5%,gel,Pfizer,Ibuprofen 5% gel (1 tube),1,426,54,12.24,B-DEM-0234,2028-08-04
Loratadine 10mg,DEM-0235,7000000000235,14.52,Box,Antihistamines,Loratadine,Clarityne,10mg,tablet,Bayer,Loratadine 10mg tablet (14 box),14,494,186,8.73,B-DEM-0235,2027-11-10
Mebeverine 135mg,DEM-0236,7000000000236,42.46,Box,Gastrointestinal,Mebeverine,Duspatalin,135mg,tablet,Abbott,Mebeverine 135mg tablet (28 box),28,1209,818,29.41,B-DEM-0236,2027-08-09
Doxycycline 100mg,DEM-0237,7000000000237,22.62,Box,Antibiotics,Doxycycline,Vibramycin,100mg,capsule,Pfizer,Doxycycline 100mg capsule (14 box),14,1386,1054,13.59,B-DEM-0237,2027-06-25
Loperamide 2mg,DEM-0238,7000000000238,32.54,Box,Gastrointestinal,Loperamide,Imodium,2mg,capsule,J&J,Loperamide 2mg capsule (28 box),28,267,77,22.11,B-DEM-0238,2027-06-26
Amoxicillin 500mg,DEM-0239,7000000000239,81.29,Box,Antibiotics,Amoxicillin,Amoxil,500mg,capsule,GSK,Amoxicillin 500mg capsule (100 box),100,479,84,58.69,B-DEM-0239,2028-11-04
Loperamide 2mg,DEM-0240,7000000000240,28.59,Box,Gastrointestinal,Loperamide,Imodium,2mg,capsule,J&J,Loperamide 2mg capsule (24 box),24,738,420,21.09,B-DEM-0240,2027-09-26
Ibuprofen 600mg,DEM-0241,7000000000241,38.92,Box,Painkillers,Ibuprofen,Advil,600mg,tablet,Pfizer,Ibuprofen 600mg tablet (60 box),60,716,537,26.97,B-DEM-0241,2027-12-22
Nitrofurantoin 100mg,DEM-0242,7000000000242,17.72,Box,Antibiotics,Nitrofurantoin,Furadantin,100mg,tablet,GSK,Nitrofurantoin 100mg tablet (20 box),20,855,598,10.84,B-DEM-0242,2028-07-19
Hydrochlorothiazide 25mg,DEM-0243,7000000000243,13.17,Box,Cardiovascular,Hydrochlorothiazide,Esidrex,25mg,tablet,Novartis,Hydrochlorothiazide 25mg tablet (28 box),28,643,552,8.49,B-DEM-0243,2028-01-26
Etoricoxib 90mg,DEM-0244,7000000000244,45.41,Box,Painkillers,Etoricoxib,Arcoxia,90mg,tablet,MSD,Etoricoxib 90mg tablet (10 box),10,564,232,29.83,B-DEM-0244,2028-07-28
Domperidone 10mg,DEM-0245,7000000000245,21.62,Box,Gastrointestinal,Domperidone,Motilium,10mg,tablet,J&J,Domperidone 10mg tablet (28 box),28,261,169,15.25,B-DEM-0245,2027-06-18
Naproxen 250mg,DEM-0246,7000000000246,12.97,Box,Painkillers,Naproxen,Naprosyn,250mg,tablet,Roche,Naproxen 250mg tablet (14 box),14,1041,943,8.88,B-DEM-0246,2028-05-13
Amlodipine 10mg,DEM-0247,7000000000247,17.32,Box,Cardiovascular,Amlodipine,Norvasc,10mg,tablet,Pfizer,Amlodipine 10mg tablet (30 box),30,851,511,12.73,B-DEM-0247,2028-01-11
Amlodipine 5mg,DEM-0248,7000000000248,13.91,Box,Cardiovascular,Amlodipine,Norvasc,5mg,tablet,Pfizer,Amlodipine 5mg tablet (30 box),30,1010,610,10.27,B-DEM-0248,2027-07-26
Amoxicillin 125mg/5ml 150ml,DEM-0249,7000000000249,19.43,Bottle,Antibiotics,Amoxicillin,Amoxil,125mg/5ml,suspension,GSK,Amoxicillin 125mg/5ml suspension (1 btl),1,1371,1160,12.18,B-DEM-0249,2027-07-12
Ketoconazole 2%,DEM-0250,7000000000250,19.39,Tube,Dermatology,Ketoconazole,Nizoral,2%,cream,J&J,Ketoconazole 2% cream (1 tube),1,717,464,13.82,B-DEM-0250,2027-11-03
Lisinopril 10mg,DEM-0251,7000000000251,20.75,Box,Cardiovascular,Lisinopril,Zestril,10mg,tablet,AstraZeneca,Lisinopril 10mg tablet (28 box),28,994,654,14.21,B-DEM-0251,2027-11-22
Sitagliptin+Metformin 50/500mg,DEM-0252,7000000000252,64.86,Box,Diabetes Care,Sitagliptin+Metformin,Janumet,50/500mg,tablet,MSD,Sitagliptin+Metformin 50/500mg tablet (10 box),10,1280,1159,42.65,B-DEM-0252,2028-05-13
Clarithromycin 500mg,DEM-0253,7000000000253,89.97,Box,Antibiotics,Clarithromycin,Klacid,500mg,tablet,Abbott,Clarithromycin 500mg tablet (24 box),24,1340,1067,54.71,B-DEM-0253,2028-05-28
Diphenhydramine 12.5mg/5ml 100ml,DEM-0254,7000000000254,12.62,Bottle,Antihistamines,Diphenhydramine,Benadryl,12.5mg/5ml,syrup,J&J,Diphenhydramine 12.5mg/5ml syrup (1 btl),1,566,202,8.72,B-DEM-0254,2028-05-22
Antacid 500mg,DEM-0255,7000000000255,35.39,Box,Gastrointestinal,Alginate+Antacid,Gaviscon,500mg,tablet,Reckitt,Alginate+Antacid 500mg tablet (28 box),28,1000,720,24.60,B-DEM-0255,2027-07-09
Alcohol Swabs 100pcs,DEM-0256,7000000000256,9.16,Pack,First Aid,Isopropyl Alcohol,Medline,100pcs,tablet,Medline,Isopropyl Alcohol 100pcs tablet (10 pack),10,764,522,6.26,B-DEM-0256,2028-06-07
Azithromycin 250mg,DEM-0257,7000000000257,45.50,Box,Antibiotics,Azithromycin,Zithromax,250mg,tablet,Pfizer,Azithromycin 250mg tablet (10 box),10,799,433,27.88,B-DEM-0257,2028-07-02
Fluticasone NS 50mcg,DEM-0258,7000000000258,31.74,Bottle,Respiratory,Fluticasone,Flixonase,50mcg,nasal_spray,GSK,Fluticasone 50mcg nasal_spray (1 btl),1,681,553,19.43,B-DEM-0258,2027-08-23
Famotidine 20mg,DEM-0259,7000000000259,42.03,Box,Gastrointestinal,Famotidine,Pepcid,20mg,tablet,J&J,Famotidine 20mg tablet (60 box),60,471,367,27.21,B-DEM-0259,2028-07-11
Salbutamol 2mg/5ml 150ml,DEM-0260,7000000000260,12.94,Bottle,Respiratory,Salbutamol,Ventolin,2mg/5ml,syrup,GSK,Salbutamol 2mg/5ml syrup (1 btl),1,240,52,8.63,B-DEM-0260,2028-04-19
Sitagliptin 50mg,DEM-0261,7000000000261,260.49,Box,Diabetes Care,Sitagliptin,Januvia,50mg,tablet,MSD,Sitagliptin 50mg tablet (100 box),100,593,314,163.62,B-DEM-0261,2027-09-06
Valsartan 80mg,DEM-0262,7000000000262,27.60,Box,Cardiovascular,Valsartan,Diovan,80mg,tablet,Novartis,Valsartan 80mg tablet (30 box),30,597,264,16.93,B-DEM-0262,2027-07-05
Fluconazole 150mg,DEM-0263,7000000000263,23.36,Box,Antibiotics,Fluconazole,Diflucan,150mg,capsule,Pfizer,Fluconazole 150mg capsule (2 box),2,967,706,14.06,B-DEM-0263,2028-07-07
Fluconazole 50mg,DEM-0264,7000000000264,90.09,Box,Antibiotics,Fluconazole,Diflucan,50mg,capsule,Pfizer,Fluconazole 50mg capsule (28 box),28,361,225,61.78,B-DEM-0264,2028-02-12
Clarithromycin 125mg/5ml,DEM-0265,7000000000265,27.75,Bottle,Antibiotics,Clarithromycin,Klacid,125mg/5ml,suspension,Abbott,Clarithromycin 125mg/5ml suspension (1 btl),1,586,399,17.77,B-DEM-0265,2027-10-29
Cephalexin 250mg,DEM-0266,7000000000266,34.28,Box,Antibiotics,Cephalexin,Keflex,250mg,capsule,Tabuk,Cephalexin 250mg capsule (30 box),30,544,353,21.43,B-DEM-0266,2027-08-12
Cephalexin 250mg,DEM-0267,7000000000267,17.14,Box,Antibiotics,Cephalexin,Keflex,250mg,capsule,Tabuk,Cephalexin 250mg capsule (10 box),10,900,666,12.30,B-DEM-0267,2028-10-16
Valsartan 80mg,DEM-0268,7000000000268,69.00,Box,Cardiovascular,Valsartan,Diovan,80mg,tablet,Novartis,Valsartan 80mg tablet (60 box),60,703,553,47.55,B-DEM-0268,2028-10-28
Tobramycin ED 0.3% 30g,DEM-0269,7000000000269,24.71,Tube,Eye Care,Tobramycin,Tobrex,0.3%,ointment,Novartis,Tobramycin 0.3% ointment (1 tube),1,525,273,15.96,B-DEM-0269,2027-10-25
Ciprofloxacin 250mg,DEM-0270,7000000000270,19.08,Box,Antibiotics,Ciprofloxacin,Cipro,250mg,tablet,Bayer,Ciprofloxacin 250mg tablet (10 box),10,1098,828,12.71,B-DEM-0270,2028-05-11
Folic Acid 5mg,DEM-0271,7000000000271,10.21,Box,Baby & Mother,Folic Acid,Folacin,5mg,tablet,Teva,Folic Acid 5mg tablet (14 box),14,811,659,7.05,B-DEM-0271,2028-05-02
Omega-3 1000mg,DEM-0272,7000000000272,62.35,Box,Vitamins & Supplements,Omega-3 Fish Oil,Seven Seas,1000mg,capsule,P&G,Omega-3 Fish Oil 1000mg capsule (28 box),28,911,698,46.43,B-DEM-0272,2027-12-07
Lisinopril 20mg,DEM-0273,7000000000273,18.21,Box,Cardiovascular,Lisinopril,Zestril,20mg,tablet,AstraZeneca,Lisinopril 20mg tablet (14 box),14,1247,1054,11.82,B-DEM-0273,2028-02-12
Benzoyl Peroxide 10%,DEM-0274,7000000000274,38.32,Tube,Dermatology,Benzoyl Peroxide,Panoxyl,10%,gel,GSK,Benzoyl Peroxide 10% gel (1 tube),1,951,799,28.35,B-DEM-0274,2027-10-03
Famotidine 20mg,DEM-0275,7000000000275,24.02,Box,Gastrointestinal,Famotidine,Pepcid,20mg,tablet,J&J,Famotidine 20mg tablet (30 box),30,1457,1171,17.85,B-DEM-0275,2027-07-06
Clarithromycin 500mg,DEM-0276,7000000000276,107.38,Box,Antibiotics,Clarithromycin,Klacid,500mg,tablet,Abbott,Clarithromycin 500mg tablet (30 box),30,1028,943,77.82,B-DEM-0276,2028-04-02
Co-Amoxiclav 1g,DEM-0277,7000000000277,113.80,Box,Antibiotics,Amoxicillin+Clavulanate,Augmentin,1g,tablet,GSK,Amoxicillin+Clavulanate 1g tablet (28 box),28,1248,1075,79.09,B-DEM-0277,2027-10-29
Vitamin C 500mg,DEM-0278,7000000000278,30.78,Box,Vitamins & Supplements,Ascorbic Acid,Redoxon,500mg,tablet,Bayer,Ascorbic Acid 500mg tablet (30 box),30,450,363,22.11,B-DEM-0278,2028-08-15
Celecoxib 200mg,DEM-0279,7000000000279,205.70,Box,Painkillers,Celecoxib,Celebrex,200mg,capsule,Pfizer,Celecoxib 200mg capsule (100 box),100,1299,1035,139.91,B-DEM-0279,2028-07-23
Antacid 500mg,DEM-0280,7000000000280,17.70,Box,Gastrointestinal,Alginate+Antacid,Gaviscon,500mg,tablet,Reckitt,Alginate+Antacid 500mg tablet (10 box),10,870,777,12.20,B-DEM-0280,2028-12-09
Co-Amoxiclav 375mg,DEM-0281,7000000000281,56.41,Box,Antibiotics,Amoxicillin+Clavulanate,Augmentin,375mg,tablet,GSK,Amoxicillin+Clavulanate 375mg tablet (28 box),28,914,551,35.25,B-DEM-0281,2028-06-06
Vitamin D3 1000IU,DEM-0282,7000000000282,49.30,Box,Vitamins & Supplements,Cholecalciferol,Osso-D,1000IU,capsule,Tabuk,Cholecalciferol 1000IU capsule (60 box),60,1413,1194,36.73,B-DEM-0282,2028-07-22
Warfarin 5mg,DEM-0283,7000000000283,21.79,Box,Chronic Care,Warfarin,Coumadin,5mg,tablet,BMS,Warfarin 5mg tablet (28 box),28,432,269,13.40,B-DEM-0283,2027-06-19
Glimepiride 4mg,DEM-0284,7000000000284,99.02,Box,Diabetes Care,Glimepiride,Amaryl,4mg,tablet,Sanofi,Glimepiride 4mg tablet (100 box),100,1356,959,65.22,B-DEM-0284,2028-06-26
Sitagliptin 100mg,DEM-0285,7000000000285,117.04,Box,Diabetes Care,Sitagliptin,Januvia,100mg,tablet,MSD,Sitagliptin 100mg tablet (30 box),30,951,750,78.70,B-DEM-0285,2027-07-04
Glimepiride 4mg,DEM-0286,7000000000286,33.58,Box,Diabetes Care,Glimepiride,Amaryl,4mg,tablet,Sanofi,Glimepiride 4mg tablet (24 box),24,350,228,24.34,B-DEM-0286,2027-10-05
Aspirin 100mg,DEM-0287,7000000000287,6.48,Box,Painkillers,Acetylsalicylic Acid,Aspirin,100mg,tablet,Bayer,Acetylsalicylic Acid 100mg tablet (30 box),30,844,689,4.33,B-DEM-0287,2028-05-25
Famotidine 40mg,DEM-0288,7000000000288,34.54,Box,Gastrointestinal,Famotidine,Pepcid,40mg,tablet,J&J,Famotidine 40mg tablet (30 box),30,1049,768,21.23,B-DEM-0288,2028-10-08
Gauze 10x10cm,DEM-0289,7000000000289,23.54,Pack,First Aid,Sterile Gauze,Medline,10x10cm,tablet,Medline,Sterile Gauze 10x10cm tablet (14 pack),14,295,187,14.28,B-DEM-0289,2028-04-11
Ambroxol 15mg/5ml 150ml,DEM-0290,7000000000290,17.42,Bottle,Respiratory,Ambroxol,Mucosolvan,15mg/5ml,syrup,Sanofi,Ambroxol 15mg/5ml syrup (1 btl),1,876,742,12.22,B-DEM-0290,2027-09-28
Loratadine 10mg,DEM-0291,7000000000291,25.21,Box,Antihistamines,Loratadine,Clarityne,10mg,tablet,Bayer,Loratadine 10mg tablet (28 box),28,1322,1103,17.21,B-DEM-0291,2027-12-04
Valsartan 80mg,DEM-0292,7000000000292,23.00,Box,Cardiovascular,Valsartan,Diovan,80mg,tablet,Novartis,Valsartan 80mg tablet (10 box),10,1371,999,16.55,B-DEM-0292,2028-02-01
Pantoprazole 20mg,DEM-0293,7000000000293,21.44,Box,Gastrointestinal,Pantoprazole,Pantoloc,20mg,tablet,Takeda,Pantoprazole 20mg tablet (10 box),10,790,426,14.14,B-DEM-0293,2028-08-24
Etoricoxib 90mg,DEM-0294,7000000000294,178.99,Box,Painkillers,Etoricoxib,Arcoxia,90mg,tablet,MSD,Etoricoxib 90mg tablet (60 box),60,1125,966,117.83,B-DEM-0294,2028-08-21
Domperidone 10mg,DEM-0295,7000000000295,22.76,Box,Gastrointestinal,Domperidone,Motilium,10mg,tablet,J&J,Domperidone 10mg tablet (30 box),30,940,616,15.63,B-DEM-0295,2027-08-12
Azithromycin 500mg,DEM-0296,7000000000296,247.69,Box,Antibiotics,Azithromycin,Zithromax,500mg,tablet,Pfizer,Azithromycin 500mg tablet (30 box),30,902,794,155.94,B-DEM-0296,2028-05-07
Diclofenac 50mg,DEM-0297,7000000000297,18.60,Box,Painkillers,Diclofenac Sodium,Voltaren,50mg,tablet,Novartis,Diclofenac Sodium 50mg tablet (30 box),30,1260,1050,13.85,B-DEM-0297,2028-11-30
Famotidine 20mg,DEM-0298,7000000000298,20.42,Box,Gastrointestinal,Famotidine,Pepcid,20mg,tablet,J&J,Famotidine 20mg tablet (24 box),24,1139,855,13.32,B-DEM-0298,2027-10-03
Glimepiride 4mg,DEM-0299,7000000000299,25.83,Box,Diabetes Care,Glimepiride,Amaryl,4mg,tablet,Sanofi,Glimepiride 4mg tablet (30 box),30,864,654,18.10,B-DEM-0299,2027-09-03
Loperamide 2mg,DEM-0300,7000000000300,18.73,Box,Gastrointestinal,Loperamide,Imodium,2mg,capsule,J&J,Loperamide 2mg capsule (14 box),14,772,531,11.57,B-DEM-0300,2028-04-16
Vitamin D3 1000IU,DEM-0301,7000000000301,19.06,Box,Vitamins & Supplements,Cholecalciferol,Osso-D,1000IU,capsule,Tabuk,Cholecalciferol 1000IU capsule (14 box),14,1210,1090,12.63,B-DEM-0301,2028-07-10
Sitagliptin+Metformin 50/500mg,DEM-0302,7000000000302,199.99,Box,Diabetes Care,Sitagliptin+Metformin,Janumet,50/500mg,tablet,MSD,Sitagliptin+Metformin 50/500mg tablet (60 box),60,1243,918,134.59,B-DEM-0302,2027-12-16
Bisoprolol 5mg,DEM-0303,7000000000303,22.70,Box,Cardiovascular,Bisoprolol,Concor,5mg,tablet,Merck,Bisoprolol 5mg tablet (28 box),28,1302,1181,15.29,B-DEM-0303,2027-11-26
Ibuprofen 200mg,DEM-0304,7000000000304,12.84,Box,Painkillers,Ibuprofen,Advil,200mg,tablet,Pfizer,Ibuprofen 200mg tablet (28 box),28,922,689,8.90,B-DEM-0304,2028-09-12
Amlodipine 5mg,DEM-0305,7000000000305,11.59,Box,Cardiovascular,Amlodipine,Norvasc,5mg,tablet,Pfizer,Amlodipine 5mg tablet (10 box),10,1278,1032,7.29,B-DEM-0305,2027-10-26
Cephalexin 250mg,DEM-0306,7000000000306,59.99,Box,Antibiotics,Cephalexin,Keflex,250mg,capsule,Tabuk,Cephalexin 250mg capsule (60 box),60,1169,892,39.73,B-DEM-0306,2028-10-24
Fluconazole 50mg,DEM-0307,7000000000307,20.02,Box,Antibiotics,Fluconazole,Diflucan,50mg,capsule,Pfizer,Fluconazole 50mg capsule (7 box),7,559,397,13.71,B-DEM-0307,2027-09-01
Insulin Glargine 100IU/ml,DEM-0308,7000000000308,1932.88,Pack,Diabetes Care,Insulin Glargine,Lantus,100IU/ml,injection,Sanofi,Insulin Glargine 100IU/ml injection (60 pack),60,312,115,1224.92,B-DEM-0308,2028-03-16
Paracetamol 250mg,DEM-0309,7000000000309,77.02,Box,Painkillers,Paracetamol,Panadol,250mg,suppository,GSK,Paracetamol 250mg suppository (60 box),60,1088,981,52.56,B-DEM-0309,2028-10-28
Terbinafine 250mg,DEM-0310,7000000000310,47.70,Box,Dermatology,Terbinafine,Lamisil,250mg,tablet,Novartis,Terbinafine 250mg tablet (10 box),10,828,591,34.51,B-DEM-0310,2028-12-16
Bisoprolol 2.5mg,DEM-0311,7000000000311,48.91,Box,Cardiovascular,Bisoprolol,Concor,2.5mg,tablet,Merck,Bisoprolol 2.5mg tablet (100 box),100,1211,944,30.95,B-DEM-0311,2028-12-19
Aspirin 300mg,DEM-0312,7000000000312,9.32,Box,Painkillers,Acetylsalicylic Acid,Aspirin,300mg,tablet,Bayer,Acetylsalicylic Acid 300mg tablet (14 box),14,615,549,6.81,B-DEM-0312,2028-04-08
Metformin 850mg,DEM-0313,7000000000313,13.80,Box,Diabetes Care,Metformin,Glucophage,850mg,tablet,Merck,Metformin 850mg tablet (14 box),14,686,592,10.06,B-DEM-0313,2028-05-30
Azithromycin 250mg,DEM-0314,7000000000314,108.50,Box,Antibiotics,Azithromycin,Zithromax,250mg,tablet,Pfizer,Azithromycin 250mg tablet (28 box),28,645,294,68.52,B-DEM-0314,2028-02-06
Zinc 50mg,DEM-0315,7000000000315,18.32,Box,Vitamins & Supplements,Zinc Gluconate,Zinct,50mg,tablet,Tabuk,Zinc Gluconate 50mg tablet (14 box),14,1082,927,12.69,B-DEM-0315,2027-11-25
Guaifenesin 100mg/5ml,DEM-0316,7000000000316,15.24,Bottle,Respiratory,Guaifenesin,Mucinex,100mg/5ml,syrup,Reckitt,Guaifenesin 100mg/5ml syrup (1 btl),1,522,167,10.36,B-DEM-0316,2028-06-02
Metronidazole 250mg,DEM-0317,7000000000317,36.12,Box,Antibiotics,Metronidazole,Flagyl,250mg,tablet,Sanofi,Metronidazole 250mg tablet (60 box),60,893,707,23.24,B-DEM-0317,2028-04-03
Amoxicillin 250mg,DEM-0318,7000000000318,15.06,Box,Antibiotics,Amoxicillin,Amoxil,250mg,capsule,GSK,Amoxicillin 250mg capsule (14 box),14,511,320,11.11,B-DEM-0318,2028-08-03
Alcohol Swabs 100pcs,DEM-0319,7000000000319,16.80,Pack,First Aid,Isopropyl Alcohol,Medline,100pcs,tablet,Medline,Isopropyl Alcohol 100pcs tablet (60 pack),60,529,315,10.45,B-DEM-0319,2028-02-19
Gliclazide 60mg,DEM-0320,7000000000320,27.01,Box,Diabetes Care,Gliclazide,Diamicron,60mg,tablet,Servier,Gliclazide 60mg tablet (30 box),30,1224,851,16.78,B-DEM-0320,2028-10-22
Azithromycin 250mg,DEM-0321,7000000000321,59.50,Box,Antibiotics,Azithromycin,Zithromax,250mg,tablet,Pfizer,Azithromycin 250mg tablet (14 box),14,1270,896,39.73,B-DEM-0321,2028-06-27
Sunscreen SPF50+ 50g,DEM-0322,7000000000322,133.35,Tube,Dermatology,Sunscreen,La Roche-Posay,SPF50+,cream,L'Oreal,Sunscreen SPF50+ cream (1 tube),1,1105,867,95.01,B-DEM-0322,2028-11-17
Metronidazole 125mg/5ml 100ml,DEM-0323,7000000000323,12.46,Bottle,Antibiotics,Metronidazole,Flagyl,125mg/5ml,suspension,Sanofi,Metronidazole 125mg/5ml suspension (1 btl),1,1150,1053,8.56,B-DEM-0323,2028-05-09
Ibuprofen 200mg,DEM-0324,7000000000324,11.49,Box,Painkillers,Ibuprofen,Advil,200mg,tablet,Pfizer,Ibuprofen 200mg tablet (24 box),24,1040,787,8.27,B-DEM-0324,2027-08-12
Montelukast 4mg,DEM-0325,7000000000325,145.49,Box,Respiratory,Montelukast,Singulair,4mg,tablet,MSD,Montelukast 4mg tablet (60 box),60,1140,925,98.09,B-DEM-0325,2028-01-11
Allopurinol 100mg,DEM-0326,7000000000326,9.82,Box,Chronic Care,Allopurinol,Zyloric,100mg,tablet,GSK,Allopurinol 100mg tablet (10 box),10,1079,740,6.74,B-DEM-0326,2028-12-20
Metronidazole 250mg,DEM-0327,7000000000327,56.76,Box,Antibiotics,Metronidazole,Flagyl,250mg,tablet,Sanofi,Metronidazole 250mg tablet (100 box),100,1128,758,34.45,B-DEM-0327,2027-07-28
Calcium 600mg+400IU,DEM-0328,7000000000328,35.36,Box,Vitamins & Supplements,Calcium+Vit D,Caltrate,600mg+400IU,tablet,Pfizer,Calcium+Vit D 600mg+400IU tablet (24 box),24,217,87,26.15,B-DEM-0328,2027-10-14
Losartan 100mg,DEM-0329,7000000000329,35.20,Box,Cardiovascular,Losartan,Cozaar,100mg,tablet,MSD,Losartan 100mg tablet (24 box),24,1257,988,26.36,B-DEM-0329,2027-06-09
Diclofenac 50mg,DEM-0330,7000000000330,51.15,Box,Painkillers,Diclofenac Sodium,Voltaren,50mg,tablet,Novartis,Diclofenac Sodium 50mg tablet (100 box),100,506,316,31.91,B-DEM-0330,2028-04-13
Infant Formula 800g,DEM-0331,7000000000331,2284.76,Pack,Baby & Mother,Infant Formula,Aptamil,800g,powder,Danone,Infant Formula 800g powder (30 pack),30,1170,780,1399.10,B-DEM-0331,2028-02-20
Metformin 1000mg,DEM-0332,7000000000332,13.95,Box,Diabetes Care,Metformin,Glucophage,1000mg,tablet,Merck,Metformin 1000mg tablet (10 box),10,320,151,9.68,B-DEM-0332,2028-07-18
Atenolol 100mg,DEM-0333,7000000000333,17.14,Box,Cardiovascular,Atenolol,Tenormin,100mg,tablet,AstraZeneca,Atenolol 100mg tablet (30 box),30,533,239,10.29,B-DEM-0333,2027-09-14
Azithromycin 500mg,DEM-0334,7000000000334,121.88,Box,Antibiotics,Azithromycin,Zithromax,500mg,tablet,Pfizer,Azithromycin 500mg tablet (14 box),14,590,313,82.62,B-DEM-0334,2028-01-26
Etoricoxib 120mg,DEM-0335,7000000000335,126.28,Box,Painkillers,Etoricoxib,Arcoxia,120mg,tablet,MSD,Etoricoxib 120mg tablet (30 box),30,322,56,91.25,B-DEM-0335,2028-05-25
Diclofenac 50mg,DEM-0336,7000000000336,9.30,Box,Painkillers,Diclofenac Sodium,Voltaren,50mg,tablet,Novartis,Diclofenac Sodium 50mg tablet (20 box),20,1117,1022,5.90,B-DEM-0336,2027-08-20
Cetirizine 10mg,DEM-0337,7000000000337,14.85,Box,Antihistamines,Cetirizine,Zyrtec,10mg,tablet,J&J,Cetirizine 10mg tablet (30 box),30,457,254,9.73,B-DEM-0337,2028-04-24
Vitamin D3 1000IU,DEM-0338,7000000000338,28.27,Box,Vitamins & Supplements,Cholecalciferol,Osso-D,1000IU,capsule,Tabuk,Cholecalciferol 1000IU capsule (28 box),28,1223,827,19.68,B-DEM-0338,2027-10-23
Paracetamol 120mg/5ml 100ml,DEM-0339,7000000000339,7.71,Bottle,Painkillers,Paracetamol,Panadol,120mg/5ml,syrup,GSK,Paracetamol 120mg/5ml syrup (1 btl),1,546,184,5.28,B-DEM-0339,2028-12-03
Vitamin C 1000mg,DEM-0340,7000000000340,22.65,Box,Vitamins & Supplements,Ascorbic Acid,Redoxon,1000mg,tablet,Bayer,Ascorbic Acid 1000mg tablet (10 box),10,1317,946,16.04,B-DEM-0340,2028-06-02
Gliclazide 60mg,DEM-0341,7000000000341,35.11,Box,Diabetes Care,Gliclazide,Diamicron,60mg,tablet,Servier,Gliclazide 60mg tablet (24 box),24,981,887,25.59,B-DEM-0341,2028-09-04
Domperidone 10mg,DEM-0342,7000000000342,39.83,Box,Gastrointestinal,Domperidone,Motilium,10mg,tablet,J&J,Domperidone 10mg tablet (60 box),60,575,329,27.42,B-DEM-0342,2027-10-13
Amlodipine 5mg,DEM-0343,7000000000343,53.32,Box,Cardiovascular,Amlodipine,Norvasc,5mg,tablet,Pfizer,Amlodipine 5mg tablet (100 box),100,1106,930,38.32,B-DEM-0343,2028-04-26
Metronidazole 125mg/5ml 150ml,DEM-0344,7000000000344,17.44,Bottle,Antibiotics,Metronidazole,Flagyl,125mg/5ml,suspension,Sanofi,Metronidazole 125mg/5ml suspension (1 btl),1,577,220,11.91,B-DEM-0344,2028-02-18
Amlodipine 10mg,DEM-0345,7000000000345,43.30,Box,Cardiovascular,Amlodipine,Norvasc,10mg,tablet,Pfizer,Amlodipine 10mg tablet (60 box),60,463,103,27.31,B-DEM-0345,2028-04-12
Celecoxib 200mg,DEM-0346,7000000000346,37.40,Box,Painkillers,Celecoxib,Celebrex,200mg,capsule,Pfizer,Celecoxib 200mg capsule (10 box),10,1020,848,26.07,B-DEM-0346,2028-04-06
Benzoyl Peroxide 5% 50g,DEM-0347,7000000000347,46.70,Tube,Dermatology,Benzoyl Peroxide,Panoxyl,5%,gel,GSK,Benzoyl Peroxide 5% gel (1 tube),1,1221,845,29.71,B-DEM-0347,2027-10-02
Clarithromycin 250mg,DEM-0348,7000000000348,150.37,Box,Antibiotics,Clarithromycin,Klacid,250mg,tablet,Abbott,Clarithromycin 250mg tablet (60 box),60,1335,1123,112.48,B-DEM-0348,2027-06-21
Glimepiride 2mg,DEM-0349,7000000000349,24.64,Box,Diabetes Care,Glimepiride,Amaryl,2mg,tablet,Sanofi,Glimepiride 2mg tablet (24 box),24,1235,836,16.13,B-DEM-0349,2028-08-12
Celecoxib 100mg,DEM-0350,7000000000350,157.91,Box,Painkillers,Celecoxib,Celebrex,100mg,capsule,Pfizer,Celecoxib 100mg capsule (100 box),100,1093,1009,95.14,B-DEM-0350,2027-08-22
Metformin 1000mg,DEM-0351,7000000000351,21.76,Box,Diabetes Care,Metformin,Glucophage,1000mg,tablet,Merck,Metformin 1000mg tablet (24 box),24,656,576,13.19,B-DEM-0351,2028-01-15
Losartan 100mg,DEM-0352,7000000000352,26.18,Box,Cardiovascular,Losartan,Cozaar,100mg,tablet,MSD,Losartan 100mg tablet (14 box),14,1395,1089,18.18,B-DEM-0352,2028-03-28
Pantoprazole 20mg,DEM-0353,7000000000353,25.73,Box,Gastrointestinal,Pantoprazole,Pantoloc,20mg,tablet,Takeda,Pantoprazole 20mg tablet (30 box),30,1244,920,15.76,B-DEM-0353,2028-07-24
Amoxicillin 250mg,DEM-0354,7000000000354,23.84,Box,Antibiotics,Amoxicillin,Amoxil,250mg,capsule,GSK,Amoxicillin 250mg capsule (28 box),28,923,612,15.41,B-DEM-0354,2027-09-02
Metformin 850mg,DEM-0355,7000000000355,14.28,Box,Diabetes Care,Metformin,Glucophage,850mg,tablet,Merck,Metformin 850mg tablet (30 box),30,714,364,9.27,B-DEM-0355,2028-12-09
Cefuroxime 250mg,DEM-0356,7000000000356,109.80,Box,Antibiotics,Cefuroxime,Zinnat,250mg,tablet,GSK,Cefuroxime 250mg tablet (60 box),60,849,677,77.90,B-DEM-0356,2028-08-29
Diclofenac 25mg,DEM-0357,7000000000357,24.68,Box,Painkillers,Diclofenac Sodium,Voltaren,25mg,tablet,Novartis,Diclofenac Sodium 25mg tablet (60 box),60,650,541,18.23,B-DEM-0357,2027-09-05
Ibuprofen 600mg,DEM-0358,7000000000358,18.90,Box,Painkillers,Ibuprofen,Advil,600mg,tablet,Pfizer,Ibuprofen 600mg tablet (24 box),24,552,166,13.23,B-DEM-0358,2028-04-20
Montelukast 5mg,DEM-0359,7000000000359,146.92,Box,Respiratory,Montelukast,Singulair,5mg,tablet,MSD,Montelukast 5mg tablet (60 box),60,344,289,103.75,B-DEM-0359,2027-06-21
Ketotifen ED 0.025%,DEM-0360,7000000000360,20.14,Bottle,Eye Care,Ketotifen,Zaditen,0.025%,eye_drops,Novartis,Ketotifen 0.025% eye_drops (1 btl),1,1243,1061,13.66,B-DEM-0360,2028-05-29
Cetirizine 5mg/5ml 150ml,DEM-0361,7000000000361,13.75,Bottle,Antihistamines,Cetirizine,Zyrtec,5mg/5ml,syrup,J&J,Cetirizine 5mg/5ml syrup (1 btl),1,993,806,9.80,B-DEM-0361,2027-10-16
Iron+Folic 50mg/5ml 100ml,DEM-0362,7000000000362,13.86,Bottle,Vitamins & Supplements,Iron+Folic Acid,Fero-Grad,50mg/5ml,syrup,Teva,Iron+Folic Acid 50mg/5ml syrup (1 btl),1,292,103,9.99,B-DEM-0362,2028-05-17
Empagliflozin 25mg,DEM-0363,7000000000363,240.73,Box,Diabetes Care,Empagliflozin,Jardiance,25mg,tablet,Boehringer,Empagliflozin 25mg tablet (60 box),60,891,580,162.35,B-DEM-0363,2027-08-26
Naproxen 250mg,DEM-0364,7000000000364,10.81,Box,Painkillers,Naproxen,Naprosyn,250mg,tablet,Roche,Naproxen 250mg tablet (20 box),20,299,164,7.88,B-DEM-0364,2028-11-01
Antacid 500mg/10ml 60ml,DEM-0365,7000000000365,15.55,Bottle,Gastrointestinal,Alginate+Antacid,Gaviscon,500mg/10ml,suspension,Reckitt,Alginate+Antacid 500mg/10ml suspension (1 btl),1,716,373,11.13,B-DEM-0365,2028-02-25
Dextromethorphan 15mg/5ml 100ml,DEM-0366,7000000000366,12.29,Bottle,Respiratory,Dextromethorphan,Tussin,15mg/5ml,syrup,Tabuk,Dextromethorphan 15mg/5ml syrup (1 btl),1,566,510,7.38,B-DEM-0366,2028-11-11
Insulin Aspart 100IU/ml Pen,DEM-0367,7000000000367,926.39,Pack,Diabetes Care,Insulin Aspart,NovoRapid,100IU/ml Pen,injection,Novo Nordisk,Insulin Aspart 100IU/ml Pen injection (24 pack),24,267,141,606.41,B-DEM-0367,2028-10-04
Hydrochlorothiazide 25mg,DEM-0368,7000000000368,11.95,Box,Cardiovascular,Hydrochlorothiazide,Esidrex,25mg,tablet,Novartis,Hydrochlorothiazide 25mg tablet (24 box),24,502,117,8.61,B-DEM-0368,2028-12-26
Clarithromycin 125mg/5ml 150ml,DEM-0369,7000000000369,38.85,Bottle,Antibiotics,Clarithromycin,Klacid,125mg/5ml,suspension,Abbott,Clarithromycin 125mg/5ml suspension (1 btl),1,725,512,24.76,B-DEM-0369,2028-05-03
Etoricoxib 120mg,DEM-0370,7000000000370,105.80,Box,Painkillers,Etoricoxib,Arcoxia,120mg,tablet,MSD,Etoricoxib 120mg tablet (24 box),24,601,207,65.37,B-DEM-0370,2028-06-24
Glimepiride 1mg,DEM-0371,7000000000371,14.47,Box,Diabetes Care,Glimepiride,Amaryl,1mg,tablet,Sanofi,Glimepiride 1mg tablet (30 box),30,481,408,10.43,B-DEM-0371,2028-01-23
Bandage Assorted,DEM-0372,7000000000372,18.20,Pack,First Aid,Adhesive Bandage,Band-Aid,Assorted,tablet,J&J,Adhesive Bandage Assorted tablet (28 pack),28,402,193,13.28,B-DEM-0372,2028-09-27
Paracetamol 500mg,DEM-0373,7000000000373,6.56,Box,Painkillers,Paracetamol,Panadol,500mg,tablet,GSK,Paracetamol 500mg tablet (14 box),14,464,226,4.39,B-DEM-0373,2028-12-26
Mebeverine 200mg,DEM-0374,7000000000374,35.94,Box,Gastrointestinal,Mebeverine,Duspatalin,200mg,capsule,Abbott,Mebeverine 200mg capsule (14 box),14,817,643,25.55,B-DEM-0374,2028-04-15
Vitamin B12 500mcg,DEM-0375,7000000000375,53.95,Box,Vitamins & Supplements,Methylcobalamin,Methycobal,500mcg,tablet,Tabuk,Methylcobalamin 500mcg tablet (60 box),60,958,808,40.44,B-DEM-0375,2028-10-26
Sitagliptin 100mg,DEM-0376,7000000000376,74.48,Box,Diabetes Care,Sitagliptin,Januvia,100mg,tablet,MSD,Sitagliptin 100mg tablet (28 box),28,417,355,55.10,B-DEM-0376,2027-06-15
ORS 200ml,DEM-0377,7000000000377,24.59,Box,Gastrointestinal,Oral Rehydration Salts,ORS,200ml,powder,Tabuk,Oral Rehydration Salts 200ml powder (14 box),14,1210,1156,17.10,B-DEM-0377,2028-05-28
Domperidone 1mg/ml 60ml,DEM-0378,7000000000378,9.00,Bottle,Gastrointestinal,Domperidone,Motilium,1mg/ml,suspension,J&J,Domperidone 1mg/ml suspension (1 btl),1,259,52,6.55,B-DEM-0378,2028-06-28
Folic Acid 5mg,DEM-0379,7000000000379,16.17,Box,Baby & Mother,Folic Acid,Folacin,5mg,tablet,Teva,Folic Acid 5mg tablet (28 box),28,727,463,12.09,B-DEM-0379,2028-12-02
Cephalexin 500mg,DEM-0380,7000000000380,109.83,Box,Antibiotics,Cephalexin,Keflex,500mg,capsule,Tabuk,Cephalexin 500mg capsule (100 box),100,274,177,77.62,B-DEM-0380,2027-11-01
Colchicine 0.5mg,DEM-0381,7000000000381,15.25,Box,Chronic Care,Colchicine,Colcrys,0.5mg,tablet,Tabuk,Colchicine 0.5mg tablet (14 box),14,755,515,10.09,B-DEM-0381,2028-11-22
Amlodipine 10mg,DEM-0382,7000000000382,22.52,Box,Cardiovascular,Amlodipine,Norvasc,10mg,tablet,Pfizer,Amlodipine 10mg tablet (24 box),24,603,227,15.22,B-DEM-0382,2027-09-14
Diclofenac 1% 15g,DEM-0383,7000000000383,10.53,Tube,Painkillers,Diclofenac Sodium,Voltaren,1%,gel,Novartis,Diclofenac Sodium 1% gel (1 tube),1,321,205,7.01,B-DEM-0383,2027-08-11
Clindamycin 150mg,DEM-0384,7000000000384,52.29,Box,Antibiotics,Clindamycin,Dalacin,150mg,capsule,Pfizer,Clindamycin 150mg capsule (28 box),28,895,644,38.05,B-DEM-0384,2028-03-02
Famotidine 20mg,DEM-0385,7000000000385,12.01,Box,Gastrointestinal,Famotidine,Pepcid,20mg,tablet,J&J,Famotidine 20mg tablet (20 box),20,789,701,7.70,B-DEM-0385,2028-09-14
Ciprofloxacin 250mg,DEM-0386,7000000000386,66.78,Box,Antibiotics,Ciprofloxacin,Cipro,250mg,tablet,Bayer,Ciprofloxacin 250mg tablet (60 box),60,458,324,41.62,B-DEM-0386,2027-09-28
Vitamin C 500mg,DEM-0387,7000000000387,15.39,Box,Vitamins & Supplements,Ascorbic Acid,Redoxon,500mg,tablet,Bayer,Ascorbic Acid 500mg tablet (20 box),20,1332,1008,10.17,B-DEM-0387,2028-04-25
Cephalexin 500mg,DEM-0388,7000000000388,39.94,Box,Antibiotics,Cephalexin,Keflex,500mg,capsule,Tabuk,Cephalexin 500mg capsule (30 box),30,661,476,25.81,B-DEM-0388,2028-09-13
Gauze 10x10cm,DEM-0389,7000000000389,43.37,Pack,First Aid,Sterile Gauze,Medline,10x10cm,tablet,Medline,Sterile Gauze 10x10cm tablet (30 pack),30,433,228,31.28,B-DEM-0389,2027-11-17
Esomeprazole 40mg,DEM-0390,7000000000390,76.06,Box,Gastrointestinal,Esomeprazole,Nexium,40mg,capsule,AstraZeneca,Esomeprazole 40mg capsule (24 box),24,658,481,47.33,B-DEM-0390,2028-05-09
Mebeverine 135mg,DEM-0391,7000000000391,38.51,Box,Gastrointestinal,Mebeverine,Duspatalin,135mg,tablet,Abbott,Mebeverine 135mg tablet (24 box),24,1065,862,23.39,B-DEM-0391,2028-11-15
Co-Amoxiclav 457mg/5ml 150ml,DEM-0392,7000000000392,45.40,Bottle,Antibiotics,Amoxicillin+Clavulanate,Augmentin,457mg/5ml,suspension,GSK,Amoxicillin+Clavulanate 457mg/5ml suspension (1 btl),1,685,404,33.72,B-DEM-0392,2027-07-10
Amlodipine+Valsartan 5/80mg,DEM-0393,7000000000393,127.67,Box,Cardiovascular,Amlodipine+Valsartan,Exforge,5/80mg,tablet,Novartis,Amlodipine+Valsartan 5/80mg tablet (60 box),60,361,240,78.55,B-DEM-0393,2028-09-24
Insulin Glargine 100IU/ml,DEM-0394,7000000000394,386.57,Pack,Diabetes Care,Insulin Glargine,Lantus,100IU/ml,injection,Sanofi,Insulin Glargine 100IU/ml injection (10 pack),10,230,67,280.09,B-DEM-0394,2027-08-11
Probiotics 250mg,DEM-0395,7000000000395,79.42,Box,Vitamins & Supplements,Lactobacillus,Enterol,250mg,capsule,Biocodex,Lactobacillus 250mg capsule (14 box),14,821,449,52.09,B-DEM-0395,2028-07-23
Metformin 500mg,DEM-0396,7000000000396,10.07,Box,Diabetes Care,Metformin,Glucophage,500mg,tablet,Merck,Metformin 500mg tablet (30 box),30,655,572,6.07,B-DEM-0396,2027-08-24
Cephalexin 125mg/5ml 60ml,DEM-0397,7000000000397,12.74,Bottle,Antibiotics,Cephalexin,Keflex,125mg/5ml,suspension,Tabuk,Cephalexin 125mg/5ml suspension (1 btl),1,1173,954,7.82,B-DEM-0397,2027-10-18
Clindamycin 300mg,DEM-0398,7000000000398,62.96,Box,Antibiotics,Clindamycin,Dalacin,300mg,capsule,Pfizer,Clindamycin 300mg capsule (24 box),24,473,130,38.25,B-DEM-0398,2028-09-23
Etoricoxib 60mg,DEM-0399,7000000000399,33.43,Box,Painkillers,Etoricoxib,Arcoxia,60mg,tablet,MSD,Etoricoxib 60mg tablet (14 box),14,1260,861,20.21,B-DEM-0399,2028-10-29
Tramadol 50mg,DEM-0400,7000000000400,92.90,Box,Painkillers,Tramadol,Tramal,50mg,capsule,Grünenthal,Tramadol 50mg capsule (100 box),100,551,406,58.73,B-DEM-0400,2028-06-05
Mupirocin 2% 15g,DEM-0401,7000000000401,18.10,Tube,Dermatology,Mupirocin,Bactroban,2%,ointment,GSK,Mupirocin 2% ointment (1 tube),1,688,621,13.26,B-DEM-0401,2028-09-07
Cephalexin 250mg,DEM-0402,7000000000402,17.14,Box,Antibiotics,Cephalexin,Keflex,250mg,capsule,Tabuk,Cephalexin 250mg capsule (20 box),20,982,651,11.34,B-DEM-0402,2028-10-31
Guaifenesin 200mg,DEM-0403,7000000000403,26.42,Box,Respiratory,Guaifenesin,Mucinex,200mg,tablet,Reckitt,Guaifenesin 200mg tablet (30 box),30,299,179,16.96,B-DEM-0403,2027-09-06
Montelukast 10mg,DEM-0404,7000000000404,80.29,Box,Respiratory,Montelukast,Singulair,10mg,tablet,MSD,Montelukast 10mg tablet (24 box),24,789,461,51.17,B-DEM-0404,2028-11-28
Terbinafine 250mg,DEM-0405,7000000000405,39.28,Box,Dermatology,Terbinafine,Lamisil,250mg,tablet,Novartis,Terbinafine 250mg tablet (14 box),14,1121,823,26.39,B-DEM-0405,2028-06-10
Cetirizine 10mg,DEM-0406,7000000000406,68.04,Box,Antihistamines,Cetirizine,Zyrtec,10mg,tablet,J&J,Cetirizine 10mg tablet (100 box),100,1221,1079,44.79,B-DEM-0406,2028-05-03
Azithromycin 250mg,DEM-0407,7000000000407,94.50,Box,Antibiotics,Azithromycin,Zithromax,250mg,tablet,Pfizer,Azithromycin 250mg tablet (24 box),24,886,693,57.12,B-DEM-0407,2028-01-19
Gliclazide 30mg,DEM-0408,7000000000408,28.05,Box,Diabetes Care,Gliclazide,Diamicron,30mg,tablet,Servier,Gliclazide 30mg tablet (28 box),28,1356,1007,18.33,B-DEM-0408,2028-12-02
Naproxen 500mg,DEM-0409,7000000000409,50.44,Box,Painkillers,Naproxen,Naprosyn,500mg,tablet,Roche,Naproxen 500mg tablet (60 box),60,546,373,32.14,B-DEM-0409,2027-09-19
Diphenhydramine 12.5mg/5ml 150ml,DEM-0410,7000000000410,17.67,Bottle,Antihistamines,Diphenhydramine,Benadryl,12.5mg/5ml,syrup,J&J,Diphenhydramine 12.5mg/5ml syrup (1 btl),1,1302,1140,12.63,B-DEM-0410,2027-08-05
Amlodipine+Valsartan 5/80mg,DEM-0411,7000000000411,51.07,Box,Cardiovascular,Amlodipine+Valsartan,Exforge,5/80mg,tablet,Novartis,Amlodipine+Valsartan 5/80mg tablet (30 box),30,1131,778,31.99,B-DEM-0411,2027-12-03
Meloxicam 7.5mg,DEM-0412,7000000000412,34.52,Box,Painkillers,Meloxicam,Mobic,7.5mg,tablet,Boehringer,Meloxicam 7.5mg tablet (30 box),30,1014,784,24.35,B-DEM-0412,2027-07-07
Famotidine 40mg,DEM-0413,7000000000413,32.81,Box,Gastrointestinal,Famotidine,Pepcid,40mg,tablet,J&J,Famotidine 40mg tablet (28 box),28,1499,1197,23.80,B-DEM-0413,2027-12-18
Sitagliptin+Metformin 50/500mg,DEM-0414,7000000000414,118.91,Box,Diabetes Care,Sitagliptin+Metformin,Janumet,50/500mg,tablet,MSD,Sitagliptin+Metformin 50/500mg tablet (30 box),30,486,408,72.02,B-DEM-0414,2028-10-23
Cefuroxime 125mg/5ml 150ml,DEM-0415,7000000000415,43.09,Bottle,Antibiotics,Cefuroxime,Zinnat,125mg/5ml,suspension,GSK,Cefuroxime 125mg/5ml suspension (1 btl),1,545,495,29.26,B-DEM-0415,2027-06-29
Rosuvastatin 10mg,DEM-0416,7000000000416,32.71,Box,Cardiovascular,Rosuvastatin,Crestor,10mg,tablet,AstraZeneca,Rosuvastatin 10mg tablet (30 box),30,602,462,21.30,B-DEM-0416,2027-10-20
Mometasone NS 50mcg,DEM-0417,7000000000417,39.52,Bottle,ENT,Mometasone,Nasonex,50mcg,nasal_spray,MSD,Mometasone 50mcg nasal_spray (1 btl),1,293,171,24.59,B-DEM-0417,2027-07-01
Gliclazide 30mg,DEM-0418,7000000000418,48.92,Box,Diabetes Care,Gliclazide,Diamicron,30mg,tablet,Servier,Gliclazide 30mg tablet (60 box),60,1361,1120,36.40,B-DEM-0418,2028-06-16
Montelukast 10mg,DEM-0419,7000000000419,90.65,Box,Respiratory,Montelukast,Singulair,10mg,tablet,MSD,Montelukast 10mg tablet (28 box),28,377,258,58.49,B-DEM-0419,2028-05-18
Gliclazide 30mg,DEM-0420,7000000000420,18.92,Box,Diabetes Care,Gliclazide,Diamicron,30mg,tablet,Servier,Gliclazide 30mg tablet (14 box),14,1078,939,13.19,B-DEM-0420,2028-10-19
Alcohol Swabs 100pcs,DEM-0421,7000000000421,12.22,Pack,First Aid,Isopropyl Alcohol,Medline,100pcs,tablet,Medline,Isopropyl Alcohol 100pcs tablet (30 pack),30,708,508,8.03,B-DEM-0421,2027-12-05
Moisturizer 10% Urea 30g,DEM-0422,7000000000422,49.98,Tube,Dermatology,Glycerin+Urea,Eucerin,10% Urea,cream,Beiersdorf,Glycerin+Urea 10% Urea cream (1 tube),1,750,407,37.10,B-DEM-0422,2027-06-10
Empagliflozin 10mg,DEM-0423,7000000000423,71.88,Box,Diabetes Care,Empagliflozin,Jardiance,10mg,tablet,Boehringer,Empagliflozin 10mg tablet (10 box),10,481,118,49.62,B-DEM-0423,2027-12-12
Meloxicam 7.5mg,DEM-0424,7000000000424,32.79,Box,Painkillers,Meloxicam,Mobic,7.5mg,tablet,Boehringer,Meloxicam 7.5mg tablet (28 box),28,349,260,20.37,B-DEM-0424,2028-10-29
Ambroxol 30mg,DEM-0425,7000000000425,25.06,Box,Respiratory,Ambroxol,Mucosolvan,30mg,tablet,Sanofi,Ambroxol 30mg tablet (30 box),30,852,757,15.67,B-DEM-0425,2028-05-01
Dextromethorphan 15mg/5ml,DEM-0426,7000000000426,12.29,Bottle,Respiratory,Dextromethorphan,Tussin,15mg/5ml,syrup,Tabuk,Dextromethorphan 15mg/5ml syrup (1 btl),1,1141,964,7.86,B-DEM-0426,2027-06-20
Levothyroxine 50mcg,DEM-0427,7000000000427,10.89,Box,Chronic Care,Levothyroxine,Eltroxin,50mcg,tablet,GSK,Levothyroxine 50mcg tablet (30 box),30,809,759,7.82,B-DEM-0427,2028-02-26
Azithromycin 500mg,DEM-0428,7000000000428,231.97,Box,Antibiotics,Azithromycin,Zithromax,500mg,tablet,Pfizer,Azithromycin 500mg tablet (28 box),28,966,831,164.67,B-DEM-0428,2028-08-30
Famotidine 40mg,DEM-0429,7000000000429,17.27,Box,Gastrointestinal,Famotidine,Pepcid,40mg,tablet,J&J,Famotidine 40mg tablet (10 box),10,1304,1062,11.27,B-DEM-0429,2028-06-30
Celecoxib 100mg,DEM-0430,7000000000430,100.48,Box,Painkillers,Celecoxib,Celebrex,100mg,capsule,Pfizer,Celecoxib 100mg capsule (60 box),60,1111,1024,62.74,B-DEM-0430,2028-01-25
Etoricoxib 120mg,DEM-0431,7000000000431,228.66,Box,Painkillers,Etoricoxib,Arcoxia,120mg,tablet,MSD,Etoricoxib 120mg tablet (60 box),60,747,644,148.13,B-DEM-0431,2027-06-29
Ambroxol 15mg/5ml,DEM-0432,7000000000432,12.44,Bottle,Respiratory,Ambroxol,Mucosolvan,15mg/5ml,syrup,Sanofi,Ambroxol 15mg/5ml syrup (1 btl),1,874,742,9.12,B-DEM-0432,2027-11-30
Metformin 1000mg,DEM-0433,7000000000433,16.18,Box,Diabetes Care,Metformin,Glucophage,1000mg,tablet,Merck,Metformin 1000mg tablet (14 box),14,1526,1162,10.53,B-DEM-0433,2027-09-12
Glimepiride 4mg,DEM-0434,7000000000434,24.97,Box,Diabetes Care,Glimepiride,Amaryl,4mg,tablet,Sanofi,Glimepiride 4mg tablet (14 box),14,252,118,18.51,B-DEM-0434,2028-08-23
Famotidine 20mg,DEM-0435,7000000000435,14.41,Box,Gastrointestinal,Famotidine,Pepcid,20mg,tablet,J&J,Famotidine 20mg tablet (14 box),14,529,374,8.86,B-DEM-0435,2027-08-02
Warfarin 5mg,DEM-0436,7000000000436,12.67,Box,Chronic Care,Warfarin,Coumadin,5mg,tablet,BMS,Warfarin 5mg tablet (10 box),10,1210,884,8.97,B-DEM-0436,2028-12-27
Folic Acid 5mg,DEM-0437,7000000000437,8.51,Box,Baby & Mother,Folic Acid,Folacin,5mg,tablet,Teva,Folic Acid 5mg tablet (20 box),20,699,624,5.41,B-DEM-0437,2028-04-08
Bandage Assorted,DEM-0438,7000000000438,11.50,Pack,First Aid,Adhesive Bandage,Band-Aid,Assorted,tablet,J&J,Adhesive Bandage Assorted tablet (14 pack),14,1411,1177,7.16,B-DEM-0438,2028-10-23
Atorvastatin 20mg,DEM-0439,7000000000439,40.32,Box,Cardiovascular,Atorvastatin,Lipitor,20mg,tablet,Pfizer,Atorvastatin 20mg tablet (28 box),28,1303,915,25.97,B-DEM-0439,2027-09-06
Insulin Glargine 100IU/ml,DEM-0440,7000000000440,510.28,Pack,Diabetes Care,Insulin Glargine,Lantus,100IU/ml,injection,Sanofi,Insulin Glargine 100IU/ml injection (14 pack),14,600,463,308.14,B-DEM-0440,2027-09-16
Ibuprofen 600mg,DEM-0441,7000000000441,21.13,Box,Painkillers,Ibuprofen,Advil,600mg,tablet,Pfizer,Ibuprofen 600mg tablet (28 box),28,423,216,15.35,B-DEM-0441,2028-10-05
Cefuroxime 500mg,DEM-0442,7000000000442,43.86,Box,Antibiotics,Cefuroxime,Zinnat,500mg,tablet,GSK,Cefuroxime 500mg tablet (10 box),10,1201,1016,32.20,B-DEM-0442,2028-10-21
Levothyroxine 100mcg,DEM-0443,7000000000443,11.71,Box,Chronic Care,Levothyroxine,Eltroxin,100mcg,tablet,GSK,Levothyroxine 100mcg tablet (10 box),10,1401,1156,7.35,B-DEM-0443,2028-07-09
Infant Formula 400g,DEM-0444,7000000000444,1052.52,Pack,Baby & Mother,Infant Formula,Aptamil,400g,powder,Danone,Infant Formula 400g powder (24 pack),24,708,433,638.56,B-DEM-0444,2028-09-07
Cefuroxime 250mg,DEM-0445,7000000000445,37.64,Box,Antibiotics,Cefuroxime,Zinnat,250mg,tablet,GSK,Cefuroxime 250mg tablet (14 box),14,931,593,27.31,B-DEM-0445,2028-01-26
Alcohol Swabs 100pcs,DEM-0446,7000000000446,11.91,Pack,First Aid,Isopropyl Alcohol,Medline,100pcs,tablet,Medline,Isopropyl Alcohol 100pcs tablet (28 pack),28,576,350,7.30,B-DEM-0446,2027-09-16
Clindamycin 150mg,DEM-0447,7000000000447,98.77,Box,Antibiotics,Clindamycin,Dalacin,150mg,capsule,Pfizer,Clindamycin 150mg capsule (60 box),60,766,518,60.17,B-DEM-0447,2028-12-26
Antiseptic 10% 60ml,DEM-0448,7000000000448,11.44,Bottle,First Aid,Povidone-Iodine,Betadine,10%,suspension,Mundipharma,Povidone-Iodine 10% suspension (1 btl),1,1319,1149,7.85,B-DEM-0448,2028-10-07
Ciprofloxacin 500mg,DEM-0449,7000000000449,25.48,Box,Antibiotics,Ciprofloxacin,Cipro,500mg,tablet,Bayer,Ciprofloxacin 500mg tablet (20 box),20,734,667,16.80,B-DEM-0449,2027-08-28
Throat Lozenges Honey,DEM-0450,7000000000450,19.47,Box,ENT,Amylmetacresol+DCB,Strepsils,Honey,tablet,Reckitt,Amylmetacresol+DCB Honey tablet (24 box),24,425,290,12.19,B-DEM-0450,2028-09-10
Alcohol Swabs 100pcs,DEM-0451,7000000000451,11.30,Pack,First Aid,Isopropyl Alcohol,Medline,100pcs,tablet,Medline,Isopropyl Alcohol 100pcs tablet (24 pack),24,530,440,6.85,B-DEM-0451,2027-10-16
Meloxicam 15mg,DEM-0452,7000000000452,19.21,Box,Painkillers,Meloxicam,Mobic,15mg,tablet,Boehringer,Meloxicam 15mg tablet (20 box),20,648,466,13.93,B-DEM-0452,2027-11-07
Atorvastatin 20mg,DEM-0453,7000000000453,27.19,Box,Cardiovascular,Atorvastatin,Lipitor,20mg,tablet,Pfizer,Atorvastatin 20mg tablet (14 box),14,440,187,17.90,B-DEM-0453,2027-09-06
Meloxicam 15mg,DEM-0454,7000000000454,36.50,Box,Painkillers,Meloxicam,Mobic,15mg,tablet,Boehringer,Meloxicam 15mg tablet (28 box),28,671,615,24.41,B-DEM-0454,2028-11-22
Atenolol 50mg,DEM-0455,7000000000455,18.36,Box,Cardiovascular,Atenolol,Tenormin,50mg,tablet,AstraZeneca,Atenolol 50mg tablet (28 box),28,623,283,11.43,B-DEM-0455,2028-08-06
Nitrofurantoin 100mg,DEM-0456,7000000000456,17.72,Box,Antibiotics,Nitrofurantoin,Furadantin,100mg,tablet,GSK,Nitrofurantoin 100mg tablet (10 box),10,583,259,12.72,B-DEM-0456,2027-09-20
Empagliflozin 10mg,DEM-0457,7000000000457,123.62,Box,Diabetes Care,Empagliflozin,Jardiance,10mg,tablet,Boehringer,Empagliflozin 10mg tablet (28 box),28,1190,892,81.27,B-DEM-0457,2028-03-05
Co-Amoxiclav 1g,DEM-0458,7000000000458,100.79,Box,Antibiotics,Amoxicillin+Clavulanate,Augmentin,1g,tablet,GSK,Amoxicillin+Clavulanate 1g tablet (24 box),24,254,131,64.64,B-DEM-0458,2027-12-02
Bisoprolol 10mg,DEM-0459,7000000000459,18.17,Box,Cardiovascular,Bisoprolol,Concor,10mg,tablet,Merck,Bisoprolol 10mg tablet (10 box),10,350,131,13.33,B-DEM-0459,2028-07-18
Amoxicillin 250mg/5ml 60ml,DEM-0460,7000000000460,12.73,Bottle,Antibiotics,Amoxicillin,Amoxil,250mg/5ml,suspension,GSK,Amoxicillin 250mg/5ml suspension (1 btl),1,387,147,9.40,B-DEM-0460,2028-10-07
Furosemide 40mg,DEM-0461,7000000000461,9.53,Box,Cardiovascular,Furosemide,Lasix,40mg,tablet,Sanofi,Furosemide 40mg tablet (10 box),10,1032,731,6.16,B-DEM-0461,2028-04-14
Antiseptic 10% 150ml,DEM-0462,7000000000462,22.88,Bottle,First Aid,Povidone-Iodine,Betadine,10%,suspension,Mundipharma,Povidone-Iodine 10% suspension (1 btl),1,785,509,14.76,B-DEM-0462,2027-10-24
Calamine 8%,DEM-0463,7000000000463,12.12,Bottle,Dermatology,Calamine,Caladryl,8%,suspension,J&J,Calamine 8% suspension (1 btl),1,696,601,8.37,B-DEM-0463,2028-08-08
Famotidine 20mg,DEM-0464,7000000000464,22.82,Box,Gastrointestinal,Famotidine,Pepcid,20mg,tablet,J&J,Famotidine 20mg tablet (28 box),28,1208,950,16.82,B-DEM-0464,2028-01-11
Omega-3 1000mg,DEM-0465,7000000000465,56.55,Box,Vitamins & Supplements,Omega-3 Fish Oil,Seven Seas,1000mg,capsule,P&G,Omega-3 Fish Oil 1000mg capsule (24 box),24,1425,1112,40.89,B-DEM-0465,2028-06-25
Co-Amoxiclav 228mg/5ml 100ml,DEM-0466,7000000000466,24.08,Bottle,Antibiotics,Amoxicillin+Clavulanate,Augmentin,228mg/5ml,suspension,GSK,Amoxicillin+Clavulanate 228mg/5ml suspension (1 btl),1,435,179,17.01,B-DEM-0466,2028-04-22
Tramadol 50mg,DEM-0467,7000000000467,16.89,Box,Painkillers,Tramadol,Tramal,50mg,capsule,Grünenthal,Tramadol 50mg capsule (10 box),10,1269,1117,10.57,B-DEM-0467,2027-07-08
Ibuprofen 100mg/5ml 100ml,DEM-0468,7000000000468,9.79,Bottle,Painkillers,Ibuprofen,Advil,100mg/5ml,syrup,Pfizer,Ibuprofen 100mg/5ml syrup (1 btl),1,785,551,6.54,B-DEM-0468,2027-07-12
Bisoprolol 2.5mg,DEM-0469,7000000000469,31.90,Box,Cardiovascular,Bisoprolol,Concor,2.5mg,tablet,Merck,Bisoprolol 2.5mg tablet (60 box),60,915,607,23.08,B-DEM-0469,2028-06-20
Furosemide 40mg,DEM-0470,7000000000470,16.20,Box,Cardiovascular,Furosemide,Lasix,40mg,tablet,Sanofi,Furosemide 40mg tablet (24 box),24,605,305,10.31,B-DEM-0470,2027-07-10
Cefuroxime 500mg,DEM-0471,7000000000471,74.56,Box,Antibiotics,Cefuroxime,Zinnat,500mg,tablet,GSK,Cefuroxime 500mg tablet (24 box),24,646,417,51.30,B-DEM-0471,2028-10-06
Levothyroxine 50mcg,DEM-0472,7000000000472,10.53,Box,Chronic Care,Levothyroxine,Eltroxin,50mcg,tablet,GSK,Levothyroxine 50mcg tablet (14 box),14,481,385,7.50,B-DEM-0472,2028-02-28
Clopidogrel 75mg,DEM-0473,7000000000473,32.06,Box,Cardiovascular,Clopidogrel,Plavix,75mg,tablet,Sanofi,Clopidogrel 75mg tablet (14 box),14,447,105,19.47,B-DEM-0473,2028-07-08
Ambroxol 30mg,DEM-0474,7000000000474,21.30,Box,Respiratory,Ambroxol,Mucosolvan,30mg,tablet,Sanofi,Ambroxol 30mg tablet (24 box),24,686,499,14.95,B-DEM-0474,2028-01-25
Nitrofurantoin 50mg,DEM-0475,7000000000475,14.54,Box,Antibiotics,Nitrofurantoin,Furadantin,50mg,tablet,GSK,Nitrofurantoin 50mg tablet (20 box),20,1503,1104,10.61,B-DEM-0475,2027-06-29
Atenolol 100mg,DEM-0476,7000000000476,22.28,Box,Cardiovascular,Atenolol,Tenormin,100mg,tablet,AstraZeneca,Atenolol 100mg tablet (24 box),24,1367,1010,15.53,B-DEM-0476,2027-10-22
Antacid 500mg/10ml,DEM-0477,7000000000477,22.22,Bottle,Gastrointestinal,Alginate+Antacid,Gaviscon,500mg/10ml,suspension,Reckitt,Alginate+Antacid 500mg/10ml suspension (1 btl),1,704,498,15.36,B-DEM-0477,2028-02-22
Ibuprofen 400mg,DEM-0478,7000000000478,8.57,Box,Painkillers,Ibuprofen,Advil,400mg,tablet,Pfizer,Ibuprofen 400mg tablet (20 box),20,1200,915,6.24,B-DEM-0478,2028-06-28
Montelukast 5mg,DEM-0479,7000000000479,76.75,Box,Respiratory,Montelukast,Singulair,5mg,tablet,MSD,Montelukast 5mg tablet (28 box),28,810,494,49.53,B-DEM-0479,2028-09-28
Loratadine 5mg/5ml,DEM-0480,7000000000480,11.90,Bottle,Antihistamines,Loratadine,Clarityne,5mg/5ml,syrup,Bayer,Loratadine 5mg/5ml syrup (1 btl),1,650,261,8.05,B-DEM-0480,2027-06-16
Levothyroxine 100mcg,DEM-0481,7000000000481,13.58,Box,Chronic Care,Levothyroxine,Eltroxin,100mcg,tablet,GSK,Levothyroxine 100mcg tablet (14 box),14,1305,1200,8.76,B-DEM-0481,2028-03-24
Cephalexin 125mg/5ml 150ml,DEM-0482,7000000000482,25.48,Bottle,Antibiotics,Cephalexin,Keflex,125mg/5ml,suspension,Tabuk,Cephalexin 125mg/5ml suspension (1 btl),1,562,185,19.07,B-DEM-0482,2028-05-18
Amoxicillin 500mg,DEM-0483,7000000000483,29.56,Box,Antibiotics,Amoxicillin,Amoxil,500mg,capsule,GSK,Amoxicillin 500mg capsule (30 box),30,1000,617,20.65,B-DEM-0483,2028-03-02
Paracetamol 500mg,DEM-0484,7000000000484,19.14,Box,Painkillers,Paracetamol,Panadol,500mg,tablet,GSK,Paracetamol 500mg tablet (60 box),60,607,434,12.97,B-DEM-0484,2027-11-09
Esomeprazole 40mg,DEM-0485,7000000000485,41.71,Box,Gastrointestinal,Esomeprazole,Nexium,40mg,capsule,AstraZeneca,Esomeprazole 40mg capsule (10 box),10,931,868,29.29,B-DEM-0485,2028-05-01
Clotrimazole 1%,DEM-0486,7000000000486,17.29,Bottle,Dermatology,Clotrimazole,Canesten,1%,powder,Bayer,Clotrimazole 1% powder (1 btl),1,917,660,12.73,B-DEM-0486,2028-02-29
Sitagliptin+Metformin 50/1000mg,DEM-0487,7000000000487,141.44,Box,Diabetes Care,Sitagliptin+Metformin,Janumet,50/1000mg,tablet,MSD,Sitagliptin+Metformin 50/1000mg tablet (30 box),30,287,124,92.14,B-DEM-0487,2027-12-20
Furosemide 20mg/2ml,DEM-0488,7000000000488,17.54,Ampoule,Cardiovascular,Furosemide,Lasix,20mg/2ml,injection,Sanofi,Furosemide 20mg/2ml injection (5 amp),5,926,789,11.31,B-DEM-0488,2028-11-09
Amlodipine 5mg,DEM-0489,7000000000489,19.94,Box,Cardiovascular,Amlodipine,Norvasc,5mg,tablet,Pfizer,Amlodipine 5mg tablet (28 box),28,828,646,13.37,B-DEM-0489,2027-09-16
Domperidone 10mg,DEM-0490,7000000000490,19.35,Box,Gastrointestinal,Domperidone,Motilium,10mg,tablet,J&J,Domperidone 10mg tablet (24 box),24,896,732,12.26,B-DEM-0490,2027-09-08
Diclofenac 25mg,DEM-0491,7000000000491,14.10,Box,Painkillers,Diclofenac Sodium,Voltaren,25mg,tablet,Novartis,Diclofenac Sodium 25mg tablet (30 box),30,1259,910,9.25,B-DEM-0491,2028-05-13
Calcium 600mg+400IU,DEM-0492,7000000000492,26.29,Box,Vitamins & Supplements,Calcium+Vit D,Caltrate,600mg+400IU,tablet,Pfizer,Calcium+Vit D 600mg+400IU tablet (14 box),14,1372,998,17.63,B-DEM-0492,2027-10-07
Guaifenesin 200mg,DEM-0493,7000000000493,22.46,Box,Respiratory,Guaifenesin,Mucinex,200mg,tablet,Reckitt,Guaifenesin 200mg tablet (24 box),24,1407,1009,15.16,B-DEM-0493,2027-12-25
Ciprofloxacin 250mg,DEM-0494,7000000000494,36.25,Box,Antibiotics,Ciprofloxacin,Cipro,250mg,tablet,Bayer,Ciprofloxacin 250mg tablet (28 box),28,1264,1137,24.00,B-DEM-0494,2028-04-09
Hydrochlorothiazide 25mg,DEM-0495,7000000000495,7.66,Box,Cardiovascular,Hydrochlorothiazide,Esidrex,25mg,tablet,Novartis,Hydrochlorothiazide 25mg tablet (10 box),10,795,454,5.07,B-DEM-0495,2028-05-24
Vitamin C 500mg,DEM-0496,7000000000496,18.47,Box,Vitamins & Supplements,Ascorbic Acid,Redoxon,500mg,tablet,Bayer,Ascorbic Acid 500mg tablet (14 box),14,489,347,13.47,B-DEM-0496,2028-04-27
Paracetamol 125mg,DEM-0497,7000000000497,30.38,Box,Painkillers,Paracetamol,Panadol,125mg,suppository,GSK,Paracetamol 125mg suppository (30 box),30,1180,1040,21.10,B-DEM-0497,2028-05-14
Infant Formula 400g,DEM-0498,7000000000498,42.96,Pack,Baby & Mother,Infant Formula,Aptamil,400g,powder,Danone,Infant Formula 400g powder (1 pack),1,325,168,28.69,B-DEM-0498,2027-06-13
Doxycycline 100mg,DEM-0499,7000000000499,32.05,Box,Antibiotics,Doxycycline,Vibramycin,100mg,capsule,Pfizer,Doxycycline 100mg capsule (24 box),24,464,369,23.00,B-DEM-0499,2028-10-22
Fluticasone NS 50mcg 150ml,DEM-0500,7000000000500,44.44,Bottle,Respiratory,Fluticasone,Flixonase,50mcg,nasal_spray,GSK,Fluticasone 50mcg nasal_spray (1 btl),1,1226,932,29.35,B-DEM-0500,2028-08-21
Metronidazole 250mg,DEM-0501,7000000000501,12.38,Box,Antibiotics,Metronidazole,Flagyl,250mg,tablet,Sanofi,Metronidazole 250mg tablet (14 box),14,302,61,8.42,B-DEM-0501,2027-07-17
Diclofenac 1%,DEM-0502,7000000000502,15.04,Tube,Painkillers,Diclofenac Sodium,Voltaren,1%,gel,Novartis,Diclofenac Sodium 1% gel (1 tube),1,1095,699,9.45,B-DEM-0502,2028-12-03
Benzoyl Peroxide 5% 30g,DEM-0503,7000000000503,31.13,Tube,Dermatology,Benzoyl Peroxide,Panoxyl,5%,gel,GSK,Benzoyl Peroxide 5% gel (1 tube),1,775,549,21.92,B-DEM-0503,2028-01-26
Meloxicam 7.5mg,DEM-0504,7000000000504,60.41,Box,Painkillers,Meloxicam,Mobic,7.5mg,tablet,Boehringer,Meloxicam 7.5mg tablet (60 box),60,664,313,39.72,B-DEM-0504,2027-09-22
Amoxicillin 250mg/5ml 100ml,DEM-0505,7000000000505,18.19,Bottle,Antibiotics,Amoxicillin,Amoxil,250mg/5ml,suspension,GSK,Amoxicillin 250mg/5ml suspension (1 btl),1,593,391,13.16,B-DEM-0505,2027-08-14
Warfarin 5mg,DEM-0506,7000000000506,15.20,Box,Chronic Care,Warfarin,Coumadin,5mg,tablet,BMS,Warfarin 5mg tablet (30 box),30,1204,982,10.48,B-DEM-0506,2028-11-22
Ibuprofen 400mg,DEM-0507,7000000000507,10.28,Box,Painkillers,Ibuprofen,Advil,400mg,tablet,Pfizer,Ibuprofen 400mg tablet (14 box),14,627,327,7.70,B-DEM-0507,2028-05-24
Colchicine 0.5mg,DEM-0508,7000000000508,12.71,Box,Chronic Care,Colchicine,Colcrys,0.5mg,tablet,Tabuk,Colchicine 0.5mg tablet (20 box),20,692,436,9.43,B-DEM-0508,2027-11-24
Clindamycin 1% 50g,DEM-0509,7000000000509,42.03,Tube,Antibiotics,Clindamycin,Dalacin,1%,gel,Pfizer,Clindamycin 1% gel (1 tube),1,624,507,29.80,B-DEM-0509,2028-01-24
Moisturizer 10% Urea 50g,DEM-0510,7000000000510,74.97,Tube,Dermatology,Glycerin+Urea,Eucerin,10% Urea,cream,Beiersdorf,Glycerin+Urea 10% Urea cream (1 tube),1,327,90,46.88,B-DEM-0510,2028-11-06
Cefuroxime 500mg,DEM-0511,7000000000511,43.86,Box,Antibiotics,Cefuroxime,Zinnat,500mg,tablet,GSK,Cefuroxime 500mg tablet (20 box),20,1178,809,31.39,B-DEM-0511,2028-02-25
Simethicone 80mg,DEM-0512,7000000000512,21.18,Box,Gastrointestinal,Simethicone,Disflatyl,80mg,tablet,Tabuk,Simethicone 80mg tablet (28 box),28,199,139,14.78,B-DEM-0512,2027-09-27
Atorvastatin 20mg,DEM-0513,7000000000513,70.33,Box,Cardiovascular,Atorvastatin,Lipitor,20mg,tablet,Pfizer,Atorvastatin 20mg tablet (60 box),60,391,278,46.89,B-DEM-0513,2028-08-08
Guaifenesin 200mg,DEM-0514,7000000000514,46.23,Box,Respiratory,Guaifenesin,Mucinex,200mg,tablet,Reckitt,Guaifenesin 200mg tablet (60 box),60,1391,1019,29.16,B-DEM-0514,2027-11-12
Amoxicillin 125mg/5ml,DEM-0515,7000000000515,13.88,Bottle,Antibiotics,Amoxicillin,Amoxil,125mg/5ml,suspension,GSK,Amoxicillin 125mg/5ml suspension (1 btl),1,1045,656,9.71,B-DEM-0515,2028-08-12
Ciprofloxacin 250mg,DEM-0516,7000000000516,104.94,Box,Antibiotics,Ciprofloxacin,Cipro,250mg,tablet,Bayer,Ciprofloxacin 250mg tablet (100 box),100,431,328,76.04,B-DEM-0516,2028-08-10
Omeprazole 20mg,DEM-0517,7000000000517,15.22,Box,Gastrointestinal,Omeprazole,Losec,20mg,capsule,AstraZeneca,Omeprazole 20mg capsule (14 box),14,925,621,10.92,B-DEM-0517,2027-10-03
Empagliflozin 10mg,DEM-0518,7000000000518,86.25,Box,Diabetes Care,Empagliflozin,Jardiance,10mg,tablet,Boehringer,Empagliflozin 10mg tablet (30 box),30,608,455,62.51,B-DEM-0518,2028-03-04
Baby Shampoo 500ml 150ml,DEM-0519,7000000000519,45.84,Bottle,Baby & Mother,Baby Shampoo,Johnson's,500ml,syrup,J&J,Baby Shampoo 500ml syrup (1 btl),1,1220,890,28.61,B-DEM-0519,2028-04-06
Naproxen 500mg,DEM-0520,7000000000520,14.41,Box,Painkillers,Naproxen,Naprosyn,500mg,tablet,Roche,Naproxen 500mg tablet (20 box),20,531,480,9.36,B-DEM-0520,2028-10-13
Guaifenesin 200mg,DEM-0521,7000000000521,25.10,Box,Respiratory,Guaifenesin,Mucinex,200mg,tablet,Reckitt,Guaifenesin 200mg tablet (28 box),28,614,222,18.20,B-DEM-0521,2027-09-30
Pantoprazole 40mg,DEM-0522,7000000000522,27.97,Box,Gastrointestinal,Pantoprazole,Pantoloc,40mg,tablet,Takeda,Pantoprazole 40mg tablet (10 box),10,448,360,20.05,B-DEM-0522,2027-09-09
Co-Amoxiclav 375mg,DEM-0523,7000000000523,59.38,Box,Antibiotics,Amoxicillin+Clavulanate,Augmentin,375mg,tablet,GSK,Amoxicillin+Clavulanate 375mg tablet (30 box),30,768,567,39.70,B-DEM-0523,2028-01-31
Clindamycin 1% 15g,DEM-0524,7000000000524,19.61,Tube,Antibiotics,Clindamycin,Dalacin,1%,gel,Pfizer,Clindamycin 1% gel (1 tube),1,1137,998,12.06,B-DEM-0524,2027-07-30
B-Complex B1+B6+B12,DEM-0525,7000000000525,21.16,Box,Vitamins & Supplements,B-Complex,Neurobion,B1+B6+B12,tablet,Merck,B-Complex B1+B6+B12 tablet (20 box),20,846,636,15.24,B-DEM-0525,2028-06-11
Metformin 1000mg,DEM-0526,7000000000526,16.74,Box,Diabetes Care,Metformin,Glucophage,1000mg,tablet,Merck,Metformin 1000mg tablet (30 box),30,363,290,12.18,B-DEM-0526,2027-09-14
Cephalexin 250mg/5ml 60ml,DEM-0527,7000000000527,16.24,Bottle,Antibiotics,Cephalexin,Keflex,250mg/5ml,suspension,Tabuk,Cephalexin 250mg/5ml suspension (1 btl),1,597,323,10.54,B-DEM-0527,2027-11-30
Valsartan 160mg,DEM-0528,7000000000528,36.55,Box,Cardiovascular,Valsartan,Diovan,160mg,tablet,Novartis,Valsartan 160mg tablet (14 box),14,381,238,26.40,B-DEM-0528,2028-06-24
Clindamycin 300mg,DEM-0529,7000000000529,35.41,Box,Antibiotics,Clindamycin,Dalacin,300mg,capsule,Pfizer,Clindamycin 300mg capsule (10 box),10,1052,863,26.36,B-DEM-0529,2028-07-22
Ibuprofen 200mg,DEM-0530,7000000000530,23.66,Box,Painkillers,Ibuprofen,Advil,200mg,tablet,Pfizer,Ibuprofen 200mg tablet (60 box),60,1166,1031,16.50,B-DEM-0530,2028-08-13
Azithromycin 250mg,DEM-0531,7000000000531,360.50,Box,Antibiotics,Azithromycin,Zithromax,250mg,tablet,Pfizer,Azithromycin 250mg tablet (100 box),100,445,314,269.38,B-DEM-0531,2027-08-08
Zinc 50mg,DEM-0532,7000000000532,30.54,Box,Vitamins & Supplements,Zinc Gluconate,Zinct,50mg,tablet,Tabuk,Zinc Gluconate 50mg tablet (30 box),30,1292,895,22.00,B-DEM-0532,2028-10-15
Paracetamol 500mg,DEM-0533,7000000000533,5.47,Box,Painkillers,Paracetamol,Panadol,500mg,tablet,GSK,Paracetamol 500mg tablet (10 box),10,788,425,3.92,B-DEM-0533,2028-07-01
Allopurinol 300mg,DEM-0534,7000000000534,17.32,Box,Chronic Care,Allopurinol,Zyloric,300mg,tablet,GSK,Allopurinol 300mg tablet (14 box),14,414,307,12.78,B-DEM-0534,2028-10-15
Artificial Tears 0.5%,DEM-0535,7000000000535,24.74,Bottle,Eye Care,Carboxymethylcellulose,Refresh,0.5%,eye_drops,Allergan,Carboxymethylcellulose 0.5% eye_drops (1 btl),1,1340,955,15.08,B-DEM-0535,2027-07-26
Losartan 100mg,DEM-0536,7000000000536,22.57,Box,Cardiovascular,Losartan,Cozaar,100mg,tablet,MSD,Losartan 100mg tablet (10 box),10,420,75,16.14,B-DEM-0536,2028-11-27
Paracetamol 250mg,DEM-0537,7000000000537,39.10,Box,Painkillers,Paracetamol,Panadol,250mg,suppository,GSK,Paracetamol 250mg suppository (28 box),28,1105,739,26.53,B-DEM-0537,2028-11-21
Valsartan 160mg,DEM-0538,7000000000538,94.53,Box,Cardiovascular,Valsartan,Diovan,160mg,tablet,Novartis,Valsartan 160mg tablet (60 box),60,1318,929,63.55,B-DEM-0538,2028-02-18
Clarithromycin 500mg,DEM-0539,7000000000539,40.63,Box,Antibiotics,Clarithromycin,Klacid,500mg,tablet,Abbott,Clarithromycin 500mg tablet (14 box),14,486,356,24.45,B-DEM-0539,2027-08-03
Clindamycin 300mg,DEM-0540,7000000000540,31.48,Box,Antibiotics,Clindamycin,Dalacin,300mg,capsule,Pfizer,Clindamycin 300mg capsule (16 box),16,1371,1070,19.24,B-DEM-0540,2027-11-25
Losartan 50mg,DEM-0541,7000000000541,20.94,Box,Cardiovascular,Losartan,Cozaar,50mg,tablet,MSD,Losartan 50mg tablet (30 box),30,618,543,15.61,B-DEM-0541,2028-05-12
Diphenhydramine 12.5mg/5ml,DEM-0542,7000000000542,12.62,Bottle,Antihistamines,Diphenhydramine,Benadryl,12.5mg/5ml,syrup,J&J,Diphenhydramine 12.5mg/5ml syrup (1 btl),1,1344,1174,8.34,B-DEM-0542,2028-06-30
Bisoprolol 10mg,DEM-0543,7000000000543,28.35,Box,Cardiovascular,Bisoprolol,Concor,10mg,tablet,Merck,Bisoprolol 10mg tablet (24 box),24,1261,982,20.42,B-DEM-0543,2028-09-05
Iron+Folic 100mg+350mcg,DEM-0544,7000000000544,15.94,Box,Vitamins & Supplements,Iron+Folic Acid,Fero-Grad,100mg+350mcg,tablet,Teva,Iron+Folic Acid 100mg+350mcg tablet (14 box),14,1366,1062,10.32,B-DEM-0544,2028-09-08
Sitagliptin 50mg,DEM-0545,7000000000545,63.98,Box,Diabetes Care,Sitagliptin,Januvia,50mg,tablet,MSD,Sitagliptin 50mg tablet (28 box),28,585,250,42.35,B-DEM-0545,2028-07-26
Clarithromycin 125mg/5ml 100ml,DEM-0546,7000000000546,27.75,Bottle,Antibiotics,Clarithromycin,Klacid,125mg/5ml,suspension,Abbott,Clarithromycin 125mg/5ml suspension (1 btl),1,563,226,20.36,B-DEM-0546,2028-04-15
Aspirin 300mg,DEM-0547,7000000000547,13.21,Box,Painkillers,Acetylsalicylic Acid,Aspirin,300mg,tablet,Bayer,Acetylsalicylic Acid 300mg tablet (24 box),24,1057,980,8.65,B-DEM-0547,2028-05-23
Vitamin B12 500mcg,DEM-0548,7000000000548,30.93,Box,Vitamins & Supplements,Methylcobalamin,Methycobal,500mcg,tablet,Tabuk,Methylcobalamin 500mcg tablet (28 box),28,1344,977,21.16,B-DEM-0548,2028-05-13
Bisoprolol 5mg,DEM-0549,7000000000549,15.84,Box,Cardiovascular,Bisoprolol,Concor,5mg,tablet,Merck,Bisoprolol 5mg tablet (30 box),30,1186,799,9.77,B-DEM-0549,2028-09-14
Mebeverine 200mg,DEM-0550,7000000000550,37.18,Box,Gastrointestinal,Mebeverine,Duspatalin,200mg,capsule,Abbott,Mebeverine 200mg capsule (30 box),30,425,51,24.29,B-DEM-0550,2028-05-23
Tramadol 50mg,DEM-0551,7000000000551,32.09,Box,Painkillers,Tramadol,Tramal,50mg,capsule,Grünenthal,Tramadol 50mg capsule (28 box),28,1274,1170,21.05,B-DEM-0551,2028-11-24
Insulin Aspart 100IU/ml Pen,DEM-0552,7000000000552,576.81,Pack,Diabetes Care,Insulin Aspart,NovoRapid,100IU/ml Pen,injection,Novo Nordisk,Insulin Aspart 100IU/ml Pen injection (14 pack),14,636,377,358.24,B-DEM-0552,2028-10-25
Tramadol 50mg,DEM-0553,7000000000553,28.71,Box,Painkillers,Tramadol,Tramal,50mg,capsule,Grünenthal,Tramadol 50mg capsule (24 box),24,814,563,18.03,B-DEM-0553,2027-12-26
Paracetamol 500mg,DEM-0554,7000000000554,9.30,Box,Painkillers,Paracetamol,Panadol,500mg,tablet,GSK,Paracetamol 500mg tablet (24 box),24,1087,982,6.58,B-DEM-0554,2027-12-21
Folic Acid 5mg,DEM-0555,7000000000555,8.51,Box,Baby & Mother,Folic Acid,Folacin,5mg,tablet,Teva,Folic Acid 5mg tablet (10 box),10,428,148,6.09,B-DEM-0555,2027-10-13
Vitamin C 500mg,DEM-0556,7000000000556,29.24,Box,Vitamins & Supplements,Ascorbic Acid,Redoxon,500mg,tablet,Bayer,Ascorbic Acid 500mg tablet (28 box),28,1138,1086,21.77,B-DEM-0556,2027-10-24
Calcium 600mg+400IU,DEM-0557,7000000000557,27.20,Box,Vitamins & Supplements,Calcium+Vit D,Caltrate,600mg+400IU,tablet,Pfizer,Calcium+Vit D 600mg+400IU tablet (30 box),30,1471,1174,19.74,B-DEM-0557,2028-08-25
Metronidazole 500mg,DEM-0558,7000000000558,25.21,Box,Antibiotics,Metronidazole,Flagyl,500mg,tablet,Sanofi,Metronidazole 500mg tablet (28 box),28,786,400,15.52,B-DEM-0558,2027-10-18
Clarithromycin 250mg,DEM-0559,7000000000559,78.55,Box,Antibiotics,Clarithromycin,Klacid,250mg,tablet,Abbott,Clarithromycin 250mg tablet (28 box),28,1443,1082,52.06,B-DEM-0559,2028-07-06
Cefuroxime 250mg,DEM-0560,7000000000560,31.37,Box,Antibiotics,Cefuroxime,Zinnat,250mg,tablet,GSK,Cefuroxime 250mg tablet (10 box),10,807,607,23.36,B-DEM-0560,2028-07-20
Losartan 100mg,DEM-0561,7000000000561,27.08,Box,Cardiovascular,Losartan,Cozaar,100mg,tablet,MSD,Losartan 100mg tablet (30 box),30,639,327,17.92,B-DEM-0561,2027-10-28
Lisinopril 10mg,DEM-0562,7000000000562,14.48,Box,Cardiovascular,Lisinopril,Zestril,10mg,tablet,AstraZeneca,Lisinopril 10mg tablet (30 box),30,1503,1170,10.23,B-DEM-0562,2028-04-25
Vitamin D3 5000IU,DEM-0563,7000000000563,30.22,Box,Vitamins & Supplements,Cholecalciferol,Osso-D,5000IU,capsule,Tabuk,Cholecalciferol 5000IU capsule (10 box),10,655,457,20.96,B-DEM-0563,2028-01-09
Paracetamol 250mg,DEM-0564,7000000000564,124.42,Box,Painkillers,Paracetamol,Panadol,250mg,suppository,GSK,Paracetamol 250mg suppository (100 box),100,698,322,84.06,B-DEM-0564,2027-12-08
Bisoprolol 5mg,DEM-0565,7000000000565,60.72,Box,Cardiovascular,Bisoprolol,Concor,5mg,tablet,Merck,Bisoprolol 5mg tablet (100 box),100,634,286,41.55,B-DEM-0565,2028-06-03
Doxycycline 100mg,DEM-0566,7000000000566,18.85,Box,Antibiotics,Doxycycline,Vibramycin,100mg,capsule,Pfizer,Doxycycline 100mg capsule (20 box),20,1412,1146,13.79,B-DEM-0566,2028-03-27
Etoricoxib 60mg,DEM-0567,7000000000567,40.59,Box,Painkillers,Etoricoxib,Arcoxia,60mg,tablet,MSD,Etoricoxib 60mg tablet (10 box),10,1234,1110,24.51,B-DEM-0567,2027-09-26
Esomeprazole 20mg,DEM-0568,7000000000568,25.08,Box,Gastrointestinal,Esomeprazole,Nexium,20mg,capsule,AstraZeneca,Esomeprazole 20mg capsule (14 box),14,288,156,16.05,B-DEM-0568,2027-12-30
Celecoxib 200mg,DEM-0569,7000000000569,44.88,Box,Painkillers,Celecoxib,Celebrex,200mg,capsule,Pfizer,Celecoxib 200mg capsule (14 box),14,763,562,32.58,B-DEM-0569,2027-11-05
Ibuprofen 200mg,DEM-0570,7000000000570,6.76,Box,Painkillers,Ibuprofen,Advil,200mg,tablet,Pfizer,Ibuprofen 200mg tablet (10 box),10,1435,1154,4.42,B-DEM-0570,2027-07-12
Ambroxol 15mg/5ml 60ml,DEM-0571,7000000000571,8.71,Bottle,Respiratory,Ambroxol,Mucosolvan,15mg/5ml,syrup,Sanofi,Ambroxol 15mg/5ml syrup (1 btl),1,1530,1193,6.20,B-DEM-0571,2028-01-24
Probiotics 250mg,DEM-0572,7000000000572,41.80,Box,Vitamins & Supplements,Lactobacillus,Enterol,250mg,capsule,Biocodex,Lactobacillus 250mg capsule (10 box),10,735,538,30.00,B-DEM-0572,2028-11-13
Fusidic Acid 2% 50g,DEM-0573,7000000000573,39.44,Tube,Dermatology,Fusidic Acid,Fucidin,2%,cream,Leo,Fusidic Acid 2% cream (1 tube),1,1222,822,26.13,B-DEM-0573,2028-07-09
Infant Formula 400g,DEM-0574,7000000000574,451.08,Pack,Baby & Mother,Infant Formula,Aptamil,400g,powder,Danone,Infant Formula 400g powder (10 pack),10,1358,1180,271.53,B-DEM-0574,2027-08-03
Iron+Folic 100mg+350mcg,DEM-0575,7000000000575,21.44,Box,Vitamins & Supplements,Iron+Folic Acid,Fero-Grad,100mg+350mcg,tablet,Teva,Iron+Folic Acid 100mg+350mcg tablet (24 box),24,1334,953,15.80,B-DEM-0575,2028-01-25
Co-Amoxiclav 1g,DEM-0576,7000000000576,217.85,Box,Antibiotics,Amoxicillin+Clavulanate,Augmentin,1g,tablet,GSK,Amoxicillin+Clavulanate 1g tablet (60 box),60,1319,1170,156.07,B-DEM-0576,2027-12-27
Xylometazoline 0.05% 100ml,DEM-0577,7000000000577,13.98,Bottle,ENT,Xylometazoline,Otrivin,0.05%,nasal_spray,GSK,Xylometazoline 0.05% nasal_spray (1 btl),1,1056,968,10.45,B-DEM-0577,2027-12-07
Clindamycin 1% 30g,DEM-0578,7000000000578,28.02,Tube,Antibiotics,Clindamycin,Dalacin,1%,gel,Pfizer,Clindamycin 1% gel (1 tube),1,470,400,17.31,B-DEM-0578,2028-11-16
Esomeprazole 20mg,DEM-0579,7000000000579,120.03,Box,Gastrointestinal,Esomeprazole,Nexium,20mg,capsule,AstraZeneca,Esomeprazole 20mg capsule (60 box),60,756,624,76.78,B-DEM-0579,2028-12-29
Hydrocortisone 1% 50g,DEM-0580,7000000000580,17.80,Tube,Dermatology,Hydrocortisone,Cortaid,1%,cream,J&J,Hydrocortisone 1% cream (1 tube),1,188,59,11.93,B-DEM-0580,2028-05-12
Levothyroxine 100mcg,DEM-0581,7000000000581,18.27,Box,Chronic Care,Levothyroxine,Eltroxin,100mcg,tablet,GSK,Levothyroxine 100mcg tablet (24 box),24,725,355,12.60,B-DEM-0581,2028-05-04
Tobramycin ED 0.3%,DEM-0582,7000000000582,23.47,Bottle,Eye Care,Tobramycin,Tobrex,0.3%,eye_drops,Novartis,Tobramycin 0.3% eye_drops (1 btl),1,1265,1053,15.34,B-DEM-0582,2028-12-23
Benzoyl Peroxide 10% 15g,DEM-0583,7000000000583,26.82,Tube,Dermatology,Benzoyl Peroxide,Panoxyl,10%,gel,GSK,Benzoyl Peroxide 10% gel (1 tube),1,731,423,16.37,B-DEM-0583,2028-11-23
Azithromycin 200mg/5ml 100ml,DEM-0584,7000000000584,26.67,Bottle,Antibiotics,Azithromycin,Zithromax,200mg/5ml,suspension,Pfizer,Azithromycin 200mg/5ml suspension (1 btl),1,993,896,18.15,B-DEM-0584,2028-12-16
Throat Lozenges Menthol,DEM-0585,7000000000585,32.25,Box,ENT,Amylmetacresol+DCB,Strepsils,Menthol,tablet,Reckitt,Amylmetacresol+DCB Menthol tablet (28 box),28,723,504,22.56,B-DEM-0585,2028-01-13
Cephalexin 125mg/5ml 100ml,DEM-0586,7000000000586,18.20,Bottle,Antibiotics,Cephalexin,Keflex,125mg/5ml,suspension,Tabuk,Cephalexin 125mg/5ml suspension (1 btl),1,1018,652,13.51,B-DEM-0586,2028-01-18
Metformin 500mg,DEM-0587,7000000000587,8.39,Box,Diabetes Care,Metformin,Glucophage,500mg,tablet,Merck,Metformin 500mg tablet (10 box),10,351,73,5.88,B-DEM-0587,2027-10-04
Co-Amoxiclav 625mg,DEM-0588,7000000000588,69.92,Box,Antibiotics,Amoxicillin+Clavulanate,Augmentin,625mg,tablet,GSK,Amoxicillin+Clavulanate 625mg tablet (28 box),28,760,546,49.11,B-DEM-0588,2027-07-19
Montelukast 10mg,DEM-0589,7000000000589,44.03,Box,Respiratory,Montelukast,Singulair,10mg,tablet,MSD,Montelukast 10mg tablet (10 box),10,478,284,28.11,B-DEM-0589,2028-07-08
Amoxicillin 250mg,DEM-0590,7000000000590,21.34,Box,Antibiotics,Amoxicillin,Amoxil,250mg,capsule,GSK,Amoxicillin 250mg capsule (24 box),24,1408,1098,14.45,B-DEM-0590,2028-06-26
Vitamin C 1000mg,DEM-0591,7000000000591,79.27,Box,Vitamins & Supplements,Ascorbic Acid,Redoxon,1000mg,tablet,Bayer,Ascorbic Acid 1000mg tablet (30 box),30,1433,1050,51.09,B-DEM-0591,2027-07-23
Cefuroxime 500mg,DEM-0592,7000000000592,87.72,Box,Antibiotics,Cefuroxime,Zinnat,500mg,tablet,GSK,Cefuroxime 500mg tablet (30 box),30,801,702,53.72,B-DEM-0592,2028-11-16
Etoricoxib 60mg,DEM-0593,7000000000593,74.02,Box,Painkillers,Etoricoxib,Arcoxia,60mg,tablet,MSD,Etoricoxib 60mg tablet (24 box),24,1229,1146,44.49,B-DEM-0593,2028-12-06
Losartan 50mg,DEM-0594,7000000000594,52.35,Box,Cardiovascular,Losartan,Cozaar,50mg,tablet,MSD,Losartan 50mg tablet (60 box),60,637,482,37.97,B-DEM-0594,2028-08-16
Metronidazole 500mg,DEM-0595,7000000000595,15.92,Box,Antibiotics,Metronidazole,Flagyl,500mg,tablet,Sanofi,Metronidazole 500mg tablet (14 box),14,419,200,9.61,B-DEM-0595,2027-11-13
Aspirin 100mg,DEM-0596,7000000000596,16.20,Box,Painkillers,Acetylsalicylic Acid,Aspirin,100mg,tablet,Bayer,Acetylsalicylic Acid 100mg tablet (60 box),60,398,220,9.85,B-DEM-0596,2027-08-23
Hydrocortisone 1% 15g,DEM-0597,7000000000597,8.31,Tube,Dermatology,Hydrocortisone,Cortaid,1%,cream,J&J,Hydrocortisone 1% cream (1 tube),1,788,508,5.49,B-DEM-0597,2028-02-28
Clotrimazole 1% 15g,DEM-0598,7000000000598,9.89,Tube,Dermatology,Clotrimazole,Canesten,1%,cream,Bayer,Clotrimazole 1% cream (1 tube),1,1332,938,5.96,B-DEM-0598,2028-04-27
Allopurinol 300mg,DEM-0599,7000000000599,50.50,Box,Chronic Care,Allopurinol,Zyloric,300mg,tablet,GSK,Allopurinol 300mg tablet (60 box),60,1504,1138,35.16,B-DEM-0599,2027-06-15
Terbinafine 250mg,DEM-0600,7000000000600,86.98,Box,Dermatology,Terbinafine,Lamisil,250mg,tablet,Novartis,Terbinafine 250mg tablet (24 box),24,442,135,56.85,B-DEM-0600,2027-08-22
Meloxicam 15mg,DEM-0601,7000000000601,19.21,Box,Painkillers,Meloxicam,Mobic,15mg,tablet,Boehringer,Meloxicam 15mg tablet (10 box),10,830,636,13.27,B-DEM-0601,2028-04-12
Ibuprofen 400mg,DEM-0602,7000000000602,17.14,Box,Painkillers,Ibuprofen,Advil,400mg,tablet,Pfizer,Ibuprofen 400mg tablet (30 box),30,900,835,12.40,B-DEM-0602,2028-07-17
Empagliflozin 10mg,DEM-0603,7000000000603,215.62,Box,Diabetes Care,Empagliflozin,Jardiance,10mg,tablet,Boehringer,Empagliflozin 10mg tablet (60 box),60,625,375,136.48,B-DEM-0603,2028-12-06
Metronidazole 500mg,DEM-0604,7000000000604,13.27,Box,Antibiotics,Metronidazole,Flagyl,500mg,tablet,Sanofi,Metronidazole 500mg tablet (10 box),10,725,344,9.31,B-DEM-0604,2028-04-09
Clarithromycin 250mg,DEM-0605,7000000000605,38.15,Box,Antibiotics,Clarithromycin,Klacid,250mg,tablet,Abbott,Clarithromycin 250mg tablet (10 box),10,195,73,27.90,B-DEM-0605,2028-12-26
Throat Lozenges Menthol,DEM-0606,7000000000606,58.05,Box,ENT,Amylmetacresol+DCB,Strepsils,Menthol,tablet,Reckitt,Amylmetacresol+DCB Menthol tablet (60 box),60,379,128,39.82,B-DEM-0606,2027-06-14
Metronidazole 125mg/5ml,DEM-0607,7000000000607,12.46,Bottle,Antibiotics,Metronidazole,Flagyl,125mg/5ml,suspension,Sanofi,Metronidazole 125mg/5ml suspension (1 btl),1,892,666,8.87,B-DEM-0607,2028-01-10
Simethicone 80mg,DEM-0608,7000000000608,13.38,Box,Gastrointestinal,Simethicone,Disflatyl,80mg,tablet,Tabuk,Simethicone 80mg tablet (14 box),14,1035,891,8.31,B-DEM-0608,2028-11-14
Bisoprolol 5mg,DEM-0609,7000000000609,20.59,Box,Cardiovascular,Bisoprolol,Concor,5mg,tablet,Merck,Bisoprolol 5mg tablet (24 box),24,957,564,12.71,B-DEM-0609,2027-12-24
Diclofenac 50mg,DEM-0610,7000000000610,15.81,Box,Painkillers,Diclofenac Sodium,Voltaren,50mg,tablet,Novartis,Diclofenac Sodium 50mg tablet (24 box),24,1252,1165,11.01,B-DEM-0610,2028-09-23
Lisinopril 20mg,DEM-0611,7000000000611,15.70,Box,Cardiovascular,Lisinopril,Zestril,20mg,tablet,AstraZeneca,Lisinopril 20mg tablet (10 box),10,533,186,9.65,B-DEM-0611,2028-02-20
Valsartan 80mg,DEM-0612,7000000000612,35.88,Box,Cardiovascular,Valsartan,Diovan,80mg,tablet,Novartis,Valsartan 80mg tablet (24 box),24,1117,732,22.22,B-DEM-0612,2028-06-08
Artificial Tears 0.5% 60ml,DEM-0613,7000000000613,17.32,Bottle,Eye Care,Carboxymethylcellulose,Refresh,0.5%,eye_drops,Allergan,Carboxymethylcellulose 0.5% eye_drops (1 btl),1,400,251,12.00,B-DEM-0613,2028-03-26
Betamethasone 0.1% 50g,DEM-0614,7000000000614,22.71,Tube,Dermatology,Betamethasone,Betnovate,0.1%,ointment,GSK,Betamethasone 0.1% ointment (1 tube),1,1432,1045,14.74,B-DEM-0614,2028-09-12
Atorvastatin 10mg,DEM-0615,7000000000615,19.17,Box,Cardiovascular,Atorvastatin,Lipitor,10mg,tablet,Pfizer,Atorvastatin 10mg tablet (10 box),10,630,361,13.82,B-DEM-0615,2028-06-16
Salbutamol 2mg/5ml,DEM-0616,7000000000616,9.24,Bottle,Respiratory,Salbutamol,Ventolin,2mg/5ml,syrup,GSK,Salbutamol 2mg/5ml syrup (1 btl),1,217,54,5.89,B-DEM-0616,2028-04-24
Vitamin B12 500mcg,DEM-0617,7000000000617,21.58,Box,Vitamins & Supplements,Methylcobalamin,Methycobal,500mcg,tablet,Tabuk,Methylcobalamin 500mcg tablet (30 box),30,838,619,13.38,B-DEM-0617,2028-06-11
Montelukast 4mg,DEM-0618,7000000000618,67.31,Box,Respiratory,Montelukast,Singulair,4mg,tablet,MSD,Montelukast 4mg tablet (24 box),24,1208,1002,44.01,B-DEM-0618,2028-09-07
Azithromycin 500mg,DEM-0619,7000000000619,23.59,Box,Antibiotics,Azithromycin,Zithromax,500mg,tablet,Pfizer,Azithromycin 500mg tablet (3 box),3,1544,1184,14.78,B-DEM-0619,2027-09-28
Valsartan 160mg,DEM-0620,7000000000620,49.15,Box,Cardiovascular,Valsartan,Diovan,160mg,tablet,Novartis,Valsartan 160mg tablet (24 box),24,766,616,36.06,B-DEM-0620,2027-10-30
Iron+Folic 100mg+350mcg,DEM-0621,7000000000621,13.74,Box,Vitamins & Supplements,Iron+Folic Acid,Fero-Grad,100mg+350mcg,tablet,Teva,Iron+Folic Acid 100mg+350mcg tablet (10 box),10,513,204,10.08,B-DEM-0621,2027-08-25
Metformin 850mg,DEM-0622,7000000000622,54.74,Box,Diabetes Care,Metformin,Glucophage,850mg,tablet,Merck,Metformin 850mg tablet (100 box),100,1201,869,40.29,B-DEM-0622,2028-01-12
Multivitamin A-Z,DEM-0623,7000000000623,50.10,Box,Vitamins & Supplements,Multivitamin,Centrum,A-Z,tablet,Pfizer,Multivitamin A-Z tablet (10 box),10,1287,1161,33.61,B-DEM-0623,2028-12-12
Ciprofloxacin 250mg,DEM-0624,7000000000624,22.90,Box,Antibiotics,Ciprofloxacin,Cipro,250mg,tablet,Bayer,Ciprofloxacin 250mg tablet (14 box),14,1205,854,16.80,B-DEM-0624,2028-01-23
Sitagliptin 50mg,DEM-0625,7000000000625,54.84,Box,Diabetes Care,Sitagliptin,Januvia,50mg,tablet,MSD,Sitagliptin 50mg tablet (10 box),10,419,323,37.03,B-DEM-0625,2028-09-26
Diclofenac 25mg,DEM-0626,7000000000626,8.46,Box,Painkillers,Diclofenac Sodium,Voltaren,25mg,tablet,Novartis,Diclofenac Sodium 25mg tablet (14 box),14,969,797,5.09,B-DEM-0626,2028-11-04
Co-Amoxiclav 375mg,DEM-0627,7000000000627,29.69,Box,Antibiotics,Amoxicillin+Clavulanate,Augmentin,375mg,tablet,GSK,Amoxicillin+Clavulanate 375mg tablet (10 box),10,1238,1097,19.80,B-DEM-0627,2027-10-30
Omeprazole 20mg,DEM-0628,7000000000628,40.22,Box,Gastrointestinal,Omeprazole,Losec,20mg,capsule,AstraZeneca,Omeprazole 20mg capsule (30 box),30,1333,1034,24.38,B-DEM-0628,2028-06-10
Ciprofloxacin 250mg,DEM-0629,7000000000629,38.16,Box,Antibiotics,Ciprofloxacin,Cipro,250mg,tablet,Bayer,Ciprofloxacin 250mg tablet (30 box),30,246,175,25.01,B-DEM-0629,2028-03-05
Loratadine 5mg/5ml 60ml,DEM-0630,7000000000630,8.33,Bottle,Antihistamines,Loratadine,Clarityne,5mg/5ml,syrup,Bayer,Loratadine 5mg/5ml syrup (1 btl),1,1388,1106,5.48,B-DEM-0630,2028-06-12
Fexofenadine 120mg,DEM-0631,7000000000631,131.62,Box,Antihistamines,Fexofenadine,Telfast,120mg,tablet,Sanofi,Fexofenadine 120mg tablet (100 box),100,438,122,81.01,B-DEM-0631,2028-05-05
Sitagliptin 50mg,DEM-0632,7000000000632,100.54,Box,Diabetes Care,Sitagliptin,Januvia,50mg,tablet,MSD,Sitagliptin 50mg tablet (30 box),30,829,587,68.92,B-DEM-0632,2028-12-17
Furosemide 40mg,DEM-0633,7000000000633,19.06,Box,Cardiovascular,Furosemide,Lasix,40mg,tablet,Sanofi,Furosemide 40mg tablet (30 box),30,1042,800,12.91,B-DEM-0633,2027-08-27
Aspirin 300mg,DEM-0634,7000000000634,42.73,Box,Painkillers,Acetylsalicylic Acid,Aspirin,300mg,tablet,Bayer,Acetylsalicylic Acid 300mg tablet (100 box),100,1330,1104,27.90,B-DEM-0634,2028-07-28
Celecoxib 100mg,DEM-0635,7000000000635,54.55,Box,Painkillers,Celecoxib,Celebrex,100mg,capsule,Pfizer,Celecoxib 100mg capsule (28 box),28,1163,1042,36.84,B-DEM-0635,2027-06-15
Benzoyl Peroxide 10% 30g,DEM-0636,7000000000636,38.32,Tube,Dermatology,Benzoyl Peroxide,Panoxyl,10%,gel,GSK,Benzoyl Peroxide 10% gel (1 tube),1,772,393,23.44,B-DEM-0636,2028-01-30
Throat Lozenges Honey,DEM-0637,7000000000637,58.41,Box,ENT,Amylmetacresol+DCB,Strepsils,Honey,tablet,Reckitt,Amylmetacresol+DCB Honey tablet (60 box),60,716,481,36.68,B-DEM-0637,2027-11-09
Glimepiride 4mg,DEM-0638,7000000000638,64.57,Box,Diabetes Care,Glimepiride,Amaryl,4mg,tablet,Sanofi,Glimepiride 4mg tablet (60 box),60,622,514,46.60,B-DEM-0638,2028-08-06
Magnesium 300mg,DEM-0639,7000000000639,29.62,Box,Vitamins & Supplements,Magnesium Citrate,Magvital,300mg,tablet,Bayer,Magnesium Citrate 300mg tablet (14 box),14,1167,1035,18.71,B-DEM-0639,2028-10-11
Amoxicillin 250mg/5ml 150ml,DEM-0640,7000000000640,25.47,Bottle,Antibiotics,Amoxicillin,Amoxil,250mg/5ml,suspension,GSK,Amoxicillin 250mg/5ml suspension (1 btl),1,441,98,15.45,B-DEM-0640,2028-02-13
Budesonide 200mcg,DEM-0641,7000000000641,62.64,Piece,Respiratory,Budesonide,Pulmicort,200mcg,inhaler,AstraZeneca,Budesonide 200mcg inhaler (1 pc),1,663,320,37.95,B-DEM-0641,2028-11-14
Bisoprolol 5mg,DEM-0642,7000000000642,13.20,Box,Cardiovascular,Bisoprolol,Concor,5mg,tablet,Merck,Bisoprolol 5mg tablet (10 box),10,300,158,8.43,B-DEM-0642,2027-11-26
Vitamin D3 400IU/drop 60ml,DEM-0643,7000000000643,15.99,Bottle,Vitamins & Supplements,Cholecalciferol,Osso-D,400IU/drop,drops,Tabuk,Cholecalciferol 400IU/drop drops (1 btl),1,250,90,11.87,B-DEM-0643,2028-03-25
Ambroxol 30mg,DEM-0644,7000000000644,12.53,Box,Respiratory,Ambroxol,Mucosolvan,30mg,tablet,Sanofi,Ambroxol 30mg tablet (10 box),10,1279,1019,7.84,B-DEM-0644,2028-10-14
Bandage Assorted,DEM-0645,7000000000645,33.53,Pack,First Aid,Adhesive Bandage,Band-Aid,Assorted,tablet,J&J,Adhesive Bandage Assorted tablet (60 pack),60,641,416,21.45,B-DEM-0645,2028-11-13
Fluconazole 150mg,DEM-0646,7000000000646,1179.68,Box,Antibiotics,Fluconazole,Diflucan,150mg,capsule,Pfizer,Fluconazole 150mg capsule (100 box),100,311,194,774.73,B-DEM-0646,2028-01-30
Etoricoxib 120mg,DEM-0647,7000000000647,119.45,Box,Painkillers,Etoricoxib,Arcoxia,120mg,tablet,MSD,Etoricoxib 120mg tablet (28 box),28,384,76,81.04,B-DEM-0647,2028-01-02
Lisinopril 5mg,DEM-0648,7000000000648,15.37,Box,Cardiovascular,Lisinopril,Zestril,5mg,tablet,AstraZeneca,Lisinopril 5mg tablet (24 box),24,723,359,9.63,B-DEM-0648,2027-09-15
Metformin 500mg,DEM-0649,7000000000649,25.18,Box,Diabetes Care,Metformin,Glucophage,500mg,tablet,Merck,Metformin 500mg tablet (60 box),60,1226,1129,17.95,B-DEM-0649,2028-11-05
Gliclazide 60mg,DEM-0650,7000000000650,67.53,Box,Diabetes Care,Gliclazide,Diamicron,60mg,tablet,Servier,Gliclazide 60mg tablet (60 box),60,718,321,48.90,B-DEM-0650,2028-12-12
Montelukast 5mg,DEM-0651,7000000000651,37.28,Box,Respiratory,Montelukast,Singulair,5mg,tablet,MSD,Montelukast 5mg tablet (10 box),10,1194,1122,24.44,B-DEM-0651,2028-08-12
Diaper Rash 125g 30g,DEM-0652,7000000000652,32.45,Tube,Baby & Mother,Zinc Oxide,Sudocrem,125g,cream,Teva,Zinc Oxide 125g cream (1 tube),1,767,522,23.31,B-DEM-0652,2028-10-14
Bisoprolol 5mg,DEM-0653,7000000000653,39.60,Box,Cardiovascular,Bisoprolol,Concor,5mg,tablet,Merck,Bisoprolol 5mg tablet (60 box),60,545,251,24.56,B-DEM-0653,2028-08-17
Guaifenesin 100mg/5ml 60ml,DEM-0654,7000000000654,10.67,Bottle,Respiratory,Guaifenesin,Mucinex,100mg/5ml,syrup,Reckitt,Guaifenesin 100mg/5ml syrup (1 btl),1,546,218,7.36,B-DEM-0654,2028-03-25
Rosuvastatin 20mg,DEM-0655,7000000000655,59.38,Box,Cardiovascular,Rosuvastatin,Crestor,20mg,tablet,AstraZeneca,Rosuvastatin 20mg tablet (28 box),28,633,580,35.68,B-DEM-0655,2027-12-19
Azithromycin 500mg,DEM-0656,7000000000656,200.51,Box,Antibiotics,Azithromycin,Zithromax,500mg,tablet,Pfizer,Azithromycin 500mg tablet (24 box),24,1262,1107,131.59,B-DEM-0656,2027-06-16
Fexofenadine 120mg,DEM-0657,7000000000657,45.47,Box,Antihistamines,Fexofenadine,Telfast,120mg,tablet,Sanofi,Fexofenadine 120mg tablet (28 box),28,1155,887,28.01,B-DEM-0657,2028-06-13
Amlodipine 5mg,DEM-0658,7000000000658,13.45,Box,Cardiovascular,Amlodipine,Norvasc,5mg,tablet,Pfizer,Amlodipine 5mg tablet (14 box),14,820,583,8.92,B-DEM-0658,2028-12-08
Rosuvastatin 20mg,DEM-0659,7000000000659,40.05,Box,Cardiovascular,Rosuvastatin,Crestor,20mg,tablet,AstraZeneca,Rosuvastatin 20mg tablet (14 box),14,1196,861,26.51,B-DEM-0659,2028-01-03
Zinc 50mg,DEM-0660,7000000000660,15.27,Box,Vitamins & Supplements,Zinc Gluconate,Zinct,50mg,tablet,Tabuk,Zinc Gluconate 50mg tablet (20 box),20,718,421,10.44,B-DEM-0660,2028-06-22
Bisoprolol 2.5mg,DEM-0661,7000000000661,16.59,Box,Cardiovascular,Bisoprolol,Concor,2.5mg,tablet,Merck,Bisoprolol 2.5mg tablet (24 box),24,929,676,11.88,B-DEM-0661,2028-05-26
Bandage Assorted,DEM-0662,7000000000662,19.16,Pack,First Aid,Adhesive Bandage,Band-Aid,Assorted,tablet,J&J,Adhesive Bandage Assorted tablet (30 pack),30,419,287,12.78,B-DEM-0662,2028-01-30
Ciprofloxacin 250mg,DEM-0663,7000000000663,19.08,Box,Antibiotics,Ciprofloxacin,Cipro,250mg,tablet,Bayer,Ciprofloxacin 250mg tablet (20 box),20,705,482,12.59,B-DEM-0663,2028-11-10
Ciprofloxacin 500mg,DEM-0664,7000000000664,30.58,Box,Antibiotics,Ciprofloxacin,Cipro,500mg,tablet,Bayer,Ciprofloxacin 500mg tablet (14 box),14,422,370,22.77,B-DEM-0664,2028-07-11
Vitamin C 1000mg,DEM-0665,7000000000665,74.74,Box,Vitamins & Supplements,Ascorbic Acid,Redoxon,1000mg,tablet,Bayer,Ascorbic Acid 1000mg tablet (28 box),28,611,339,55.22,B-DEM-0665,2028-10-03
Loratadine 10mg,DEM-0666,7000000000666,22.16,Box,Antihistamines,Loratadine,Clarityne,10mg,tablet,Bayer,Loratadine 10mg tablet (24 box),24,263,173,14.03,B-DEM-0666,2028-03-04
Cetirizine 10mg,DEM-0667,7000000000667,42.12,Box,Antihistamines,Cetirizine,Zyrtec,10mg,tablet,J&J,Cetirizine 10mg tablet (60 box),60,1144,828,29.15,B-DEM-0667,2028-07-23
Bisoprolol 5mg,DEM-0668,7000000000668,15.31,Box,Cardiovascular,Bisoprolol,Concor,5mg,tablet,Merck,Bisoprolol 5mg tablet (14 box),14,440,166,10.66,B-DEM-0668,2027-12-05
Amoxicillin 250mg,DEM-0669,7000000000669,69.03,Box,Antibiotics,Amoxicillin,Amoxil,250mg,capsule,GSK,Amoxicillin 250mg capsule (100 box),100,520,453,44.38,B-DEM-0669,2028-11-20
Bandage Assorted,DEM-0670,7000000000670,16.29,Pack,First Aid,Adhesive Bandage,Band-Aid,Assorted,tablet,J&J,Adhesive Bandage Assorted tablet (24 pack),24,779,394,10.65,B-DEM-0670,2027-07-15
Fluconazole 50mg,DEM-0671,7000000000671,50.05,Box,Antibiotics,Fluconazole,Diflucan,50mg,capsule,Pfizer,Fluconazole 50mg capsule (14 box),14,616,362,37.51,B-DEM-0671,2027-09-05
Celecoxib 200mg,DEM-0672,7000000000672,37.40,Box,Painkillers,Celecoxib,Celebrex,200mg,capsule,Pfizer,Celecoxib 200mg capsule (20 box),20,1175,860,25.73,B-DEM-0672,2028-07-28
Empagliflozin 10mg,DEM-0673,7000000000673,112.12,Box,Diabetes Care,Empagliflozin,Jardiance,10mg,tablet,Boehringer,Empagliflozin 10mg tablet (24 box),24,516,180,76.52,B-DEM-0673,2027-09-09
Tobramycin ED 0.3%,DEM-0674,7000000000674,24.71,Tube,Eye Care,Tobramycin,Tobrex,0.3%,ointment,Novartis,Tobramycin 0.3% ointment (1 tube),1,911,762,15.66,B-DEM-0674,2028-03-18
Xylometazoline 0.1% 60ml,DEM-0675,7000000000675,10.67,Bottle,ENT,Xylometazoline,Otrivin,0.1%,nasal_spray,GSK,Xylometazoline 0.1% nasal_spray (1 btl),1,1139,881,6.82,B-DEM-0675,2027-06-13
Hydrochlorothiazide 25mg,DEM-0676,7000000000676,22.97,Box,Cardiovascular,Hydrochlorothiazide,Esidrex,25mg,tablet,Novartis,Hydrochlorothiazide 25mg tablet (60 box),60,1411,1187,15.52,B-DEM-0676,2027-08-22
Betamethasone 0.1% 15g,DEM-0677,7000000000677,10.40,Tube,Dermatology,Betamethasone,Betnovate,0.1%,cream,GSK,Betamethasone 0.1% cream (1 tube),1,1438,1094,7.61,B-DEM-0677,2028-02-27
Atorvastatin 20mg,DEM-0678,7000000000678,23.44,Box,Cardiovascular,Atorvastatin,Lipitor,20mg,tablet,Pfizer,Atorvastatin 20mg tablet (10 box),10,1128,954,16.04,B-DEM-0678,2028-06-29
Simethicone 40mg/ml 150ml,DEM-0679,7000000000679,19.22,Bottle,Gastrointestinal,Simethicone,Disflatyl,40mg/ml,drops,Tabuk,Simethicone 40mg/ml drops (1 btl),1,1053,989,14.12,B-DEM-0679,2028-09-22
Paracetamol 500mg,DEM-0680,7000000000680,10.94,Box,Painkillers,Paracetamol,Panadol,500mg,tablet,GSK,Paracetamol 500mg tablet (30 box),30,667,293,6.67,B-DEM-0680,2028-02-28
Omeprazole 20mg,DEM-0681,7000000000681,24.45,Box,Gastrointestinal,Omeprazole,Losec,20mg,capsule,AstraZeneca,Omeprazole 20mg capsule (28 box),28,747,517,16.18,B-DEM-0681,2028-04-27
Vitamin C 1000mg,DEM-0682,7000000000682,147.22,Box,Vitamins & Supplements,Ascorbic Acid,Redoxon,1000mg,tablet,Bayer,Ascorbic Acid 1000mg tablet (60 box),60,833,579,94.68,B-DEM-0682,2028-02-18
Vitamin C 1000mg,DEM-0683,7000000000683,43.03,Box,Vitamins & Supplements,Ascorbic Acid,Redoxon,1000mg,tablet,Bayer,Ascorbic Acid 1000mg tablet (14 box),14,498,205,31.83,B-DEM-0683,2028-12-27
Furosemide 40mg,DEM-0684,7000000000684,11.44,Box,Cardiovascular,Furosemide,Lasix,40mg,tablet,Sanofi,Furosemide 40mg tablet (14 box),14,961,774,8.40,B-DEM-0684,2028-01-18
Throat Lozenges Honey,DEM-0685,7000000000685,34.07,Box,ENT,Amylmetacresol+DCB,Strepsils,Honey,tablet,Reckitt,Amylmetacresol+DCB Honey tablet (30 box),30,604,434,24.21,B-DEM-0685,2028-10-31
Rosuvastatin 20mg,DEM-0686,7000000000686,34.52,Box,Cardiovascular,Rosuvastatin,Crestor,20mg,tablet,AstraZeneca,Rosuvastatin 20mg tablet (10 box),10,767,590,21.90,B-DEM-0686,2028-01-06
Paracetamol 120mg/5ml,DEM-0687,7000000000687,7.71,Bottle,Painkillers,Paracetamol,Panadol,120mg/5ml,syrup,GSK,Paracetamol 120mg/5ml syrup (1 btl),1,460,370,4.76,B-DEM-0687,2027-09-26
Vitamin B12 500mcg,DEM-0688,7000000000688,28.05,Box,Vitamins & Supplements,Methylcobalamin,Methycobal,500mcg,tablet,Tabuk,Methylcobalamin 500mcg tablet (24 box),24,364,68,20.86,B-DEM-0688,2028-12-14
Multivitamin A-Z,DEM-0689,7000000000689,102.73,Box,Vitamins & Supplements,Multivitamin,Centrum,A-Z,tablet,Pfizer,Multivitamin A-Z tablet (60 box),60,1040,696,75.48,B-DEM-0689,2028-10-25
Mupirocin 2% 30g,DEM-0690,7000000000690,25.86,Tube,Dermatology,Mupirocin,Bactroban,2%,ointment,GSK,Mupirocin 2% ointment (1 tube),1,1364,1053,19.33,B-DEM-0690,2027-12-13
Baby Shampoo 200ml 150ml,DEM-0691,7000000000691,30.58,Bottle,Baby & Mother,Baby Shampoo,Johnson's,200ml,syrup,J&J,Baby Shampoo 200ml syrup (1 btl),1,977,862,21.79,B-DEM-0691,2028-01-22
Valsartan 80mg,DEM-0692,7000000000692,39.56,Box,Cardiovascular,Valsartan,Diovan,80mg,tablet,Novartis,Valsartan 80mg tablet (28 box),28,1443,1117,26.57,B-DEM-0692,2028-08-15
Etoricoxib 60mg,DEM-0693,7000000000693,159.99,Box,Painkillers,Etoricoxib,Arcoxia,60mg,tablet,MSD,Etoricoxib 60mg tablet (60 box),60,1209,1070,105.44,B-DEM-0693,2028-05-29
Atorvastatin 10mg,DEM-0694,7000000000694,88.17,Box,Cardiovascular,Atorvastatin,Lipitor,10mg,tablet,Pfizer,Atorvastatin 10mg tablet (100 box),100,354,300,58.99,B-DEM-0694,2028-11-20
Rosuvastatin 20mg,DEM-0695,7000000000695,41.43,Box,Cardiovascular,Rosuvastatin,Crestor,20mg,tablet,AstraZeneca,Rosuvastatin 20mg tablet (30 box),30,687,471,28.47,B-DEM-0695,2028-07-01
Atorvastatin 40mg,DEM-0696,7000000000696,34.99,Box,Cardiovascular,Atorvastatin,Lipitor,40mg,tablet,Pfizer,Atorvastatin 40mg tablet (14 box),14,753,582,23.87,B-DEM-0696,2027-12-17
Glimepiride 4mg,DEM-0697,7000000000697,21.52,Box,Diabetes Care,Glimepiride,Amaryl,4mg,tablet,Sanofi,Glimepiride 4mg tablet (10 box),10,1318,1013,14.09,B-DEM-0697,2028-05-25
Nitrofurantoin 100mg,DEM-0698,7000000000698,62.02,Box,Antibiotics,Nitrofurantoin,Furadantin,100mg,tablet,GSK,Nitrofurantoin 100mg tablet (60 box),60,724,484,43.73,B-DEM-0698,2028-08-11
Ciprofloxacin 500mg,DEM-0699,7000000000699,25.48,Box,Antibiotics,Ciprofloxacin,Cipro,500mg,tablet,Bayer,Ciprofloxacin 500mg tablet (10 box),10,1213,871,17.01,B-DEM-0699,2028-03-21
Fluconazole 150mg,DEM-0700,7000000000700,362.08,Box,Antibiotics,Fluconazole,Diflucan,150mg,capsule,Pfizer,Fluconazole 150mg capsule (30 box),30,682,512,256.40,B-DEM-0700,2027-09-19
Simethicone 40mg/ml 100ml,DEM-0701,7000000000701,13.73,Bottle,Gastrointestinal,Simethicone,Disflatyl,40mg/ml,drops,Tabuk,Simethicone 40mg/ml drops (1 btl),1,152,28,9.02,B-DEM-0701,2028-06-11
Cefuroxime 250mg,DEM-0702,7000000000702,59.60,Box,Antibiotics,Cefuroxime,Zinnat,250mg,tablet,GSK,Cefuroxime 250mg tablet (28 box),28,150,10,42.96,B-DEM-0702,2027-11-28
Cefuroxime 500mg,DEM-0703,7000000000703,153.51,Box,Antibiotics,Cefuroxime,Zinnat,500mg,tablet,GSK,Cefuroxime 500mg tablet (60 box),60,388,16,115.03,B-DEM-0703,2027-06-07
Throat Lozenges Menthol,DEM-0704,7000000000704,19.35,Box,ENT,Amylmetacresol+DCB,Strepsils,Menthol,tablet,Reckitt,Amylmetacresol+DCB Menthol tablet (24 box),24,317,18,12.53,B-DEM-0704,2028-04-02
Xylometazoline 0.1% 150ml,DEM-0705,7000000000705,21.35,Bottle,ENT,Xylometazoline,Otrivin,0.1%,nasal_spray,GSK,Xylometazoline 0.1% nasal_spray (1 btl),1,83,9,15.56,B-DEM-0705,2028-01-12
Nitrofurantoin 100mg,DEM-0706,7000000000706,35.44,Box,Antibiotics,Nitrofurantoin,Furadantin,100mg,tablet,GSK,Nitrofurantoin 100mg tablet (30 box),30,164,4,22.13,B-DEM-0706,2028-03-18
Bisoprolol 10mg,DEM-0707,7000000000707,31.26,Box,Cardiovascular,Bisoprolol,Concor,10mg,tablet,Merck,Bisoprolol 10mg tablet (28 box),28,296,16,21.71,B-DEM-0707,2028-06-02
Throat Lozenges Menthol,DEM-0708,7000000000708,33.86,Box,ENT,Amylmetacresol+DCB,Strepsils,Menthol,tablet,Reckitt,Amylmetacresol+DCB Menthol tablet (30 box),30,358,22,22.15,B-DEM-0708,2027-08-11
Olopatadine ED 0.2% 60ml,DEM-0709,7000000000709,25.27,Bottle,Eye Care,Olopatadine,Pataday,0.2%,eye_drops,Novartis,Olopatadine 0.2% eye_drops (1 btl),1,129,17,15.24,B-DEM-0709,2027-09-23
Azithromycin 500mg,DEM-0710,7000000000710,483.59,Box,Antibiotics,Azithromycin,Zithromax,500mg,tablet,Pfizer,Azithromycin 500mg tablet (60 box),60,367,22,334.08,B-DEM-0710,2028-08-05
Ibuprofen 600mg,DEM-0711,7000000000711,11.12,Box,Painkillers,Ibuprofen,Advil,600mg,tablet,Pfizer,Ibuprofen 600mg tablet (20 box),20,228,12,7.15,B-DEM-0711,2028-05-03
Celecoxib 100mg,DEM-0712,7000000000712,28.71,Box,Painkillers,Celecoxib,Celebrex,100mg,capsule,Pfizer,Celecoxib 100mg capsule (20 box),20,311,33,20.56,B-DEM-0712,2027-12-05
Iron+Folic 100mg+350mcg,DEM-0713,7000000000713,23.64,Box,Vitamins & Supplements,Iron+Folic Acid,Fero-Grad,100mg+350mcg,tablet,Teva,Iron+Folic Acid 100mg+350mcg tablet (28 box),28,386,13,15.20,B-DEM-0713,2028-02-08
Cetirizine 5mg/5ml,DEM-0714,7000000000714,9.82,Bottle,Antihistamines,Cetirizine,Zyrtec,5mg/5ml,syrup,J&J,Cetirizine 5mg/5ml syrup (1 btl),1,228,6,7.08,B-DEM-0714,2028-02-21
Vitamin D3 5000IU,DEM-0715,7000000000715,57.42,Box,Vitamins & Supplements,Cholecalciferol,Osso-D,5000IU,capsule,Tabuk,Cholecalciferol 5000IU capsule (28 box),28,107,21,39.38,B-DEM-0715,2028-02-07
Ambroxol 30mg/5ml 150ml,DEM-0716,7000000000716,21.64,Bottle,Respiratory,Ambroxol,Mucosolvan,30mg/5ml,syrup,Sanofi,Ambroxol 30mg/5ml syrup (1 btl),1,218,6,13.72,B-DEM-0716,2027-09-22
Cephalexin 250mg/5ml 100ml,DEM-0717,7000000000717,23.20,Bottle,Antibiotics,Cephalexin,Keflex,250mg/5ml,suspension,Tabuk,Cephalexin 250mg/5ml suspension (1 btl),1,399,19,14.85,B-DEM-0717,2028-03-28
Bisoprolol 10mg,DEM-0718,7000000000718,21.81,Box,Cardiovascular,Bisoprolol,Concor,10mg,tablet,Merck,Bisoprolol 10mg tablet (30 box),30,244,9,14.54,B-DEM-0718,2028-06-27
Colchicine 0.5mg,DEM-0719,7000000000719,21.61,Box,Chronic Care,Colchicine,Colcrys,0.5mg,tablet,Tabuk,Colchicine 0.5mg tablet (24 box),24,299,38,16.10,B-DEM-0719,2027-12-22
Dextromethorphan 15mg/5ml 60ml,DEM-0720,7000000000720,8.60,Bottle,Respiratory,Dextromethorphan,Tussin,15mg/5ml,syrup,Tabuk,Dextromethorphan 15mg/5ml syrup (1 btl),1,176,6,5.19,B-DEM-0720,2028-06-10
Antiseptic 10% 100ml,DEM-0721,7000000000721,16.34,Bottle,First Aid,Povidone-Iodine,Betadine,10%,suspension,Mundipharma,Povidone-Iodine 10% suspension (1 btl),1,107,17,11.63,B-DEM-0721,2028-07-24
ORS 200ml,DEM-0722,7000000000722,8.68,Box,Gastrointestinal,Oral Rehydration Salts,ORS,200ml,powder,Tabuk,Oral Rehydration Salts 200ml powder (6 box),6,88,6,5.34,B-DEM-0722,2027-10-20
Metformin 850mg,DEM-0723,7000000000723,11.90,Box,Diabetes Care,Metformin,Glucophage,850mg,tablet,Merck,Metformin 850mg tablet (10 box),10,271,18,7.19,B-DEM-0723,2027-04-27
Clotrimazole 1% 30g,DEM-0724,7000000000724,14.13,Tube,Dermatology,Clotrimazole,Canesten,1%,cream,Bayer,Clotrimazole 1% cream (1 tube),1,391,25,8.70,B-DEM-0724,2027-05-12
Omega-3 1000mg,DEM-0725,7000000000725,36.25,Box,Vitamins & Supplements,Omega-3 Fish Oil,Seven Seas,1000mg,capsule,P&G,Omega-3 Fish Oil 1000mg capsule (10 box),10,252,3,26.82,B-DEM-0725,2028-02-29
Co-Amoxiclav 1g,DEM-0726,7000000000726,120.30,Box,Antibiotics,Amoxicillin+Clavulanate,Augmentin,1g,tablet,GSK,Amoxicillin+Clavulanate 1g tablet (30 box),30,284,8,85.49,B-DEM-0726,2027-08-04
Co-Amoxiclav 625mg,DEM-0727,7000000000727,44.16,Box,Antibiotics,Amoxicillin+Clavulanate,Augmentin,625mg,tablet,GSK,Amoxicillin+Clavulanate 625mg tablet (14 box),14,146,9,29.99,B-DEM-0727,2027-06-06
Olopatadine ED 0.2% 100ml,DEM-0728,7000000000728,36.10,Bottle,Eye Care,Olopatadine,Pataday,0.2%,eye_drops,Novartis,Olopatadine 0.2% eye_drops (1 btl),1,217,1,23.59,B-DEM-0728,2028-03-04
Amoxicillin 500mg,DEM-0729,7000000000729,25.13,Box,Antibiotics,Amoxicillin,Amoxil,500mg,capsule,GSK,Amoxicillin 500mg capsule (24 box),24,204,15,18.36,B-DEM-0729,2028-08-11
Amoxicillin 500mg,DEM-0730,7000000000730,14.78,Box,Antibiotics,Amoxicillin,Amoxil,500mg,capsule,GSK,Amoxicillin 500mg capsule (10 box),10,355,29,11.02,B-DEM-0730,2027-06-08
Mebeverine 200mg,DEM-0731,7000000000731,30.98,Box,Gastrointestinal,Mebeverine,Duspatalin,200mg,capsule,Abbott,Mebeverine 200mg capsule (10 box),10,394,19,20.71,B-DEM-0731,2028-01-30
Insulin Aspart 100IU/ml Pen,DEM-0732,7000000000732,2184.88,Pack,Diabetes Care,Insulin Aspart,NovoRapid,100IU/ml Pen,injection,Novo Nordisk,Insulin Aspart 100IU/ml Pen injection (60 pack),60,351,28,1520.61,B-DEM-0732,2027-12-24
Fexofenadine 120mg,DEM-0733,7000000000733,23.93,Box,Antihistamines,Fexofenadine,Telfast,120mg,tablet,Sanofi,Fexofenadine 120mg tablet (10 box),10,107,12,16.30,B-DEM-0733,2027-12-02
Lisinopril 20mg,DEM-0734,7000000000734,47.10,Box,Cardiovascular,Lisinopril,Zestril,20mg,tablet,AstraZeneca,Lisinopril 20mg tablet (60 box),60,139,10,31.17,B-DEM-0734,2027-10-04
Famotidine 40mg,DEM-0735,7000000000735,17.27,Box,Gastrointestinal,Famotidine,Pepcid,40mg,tablet,J&J,Famotidine 40mg tablet (20 box),20,120,1,11.72,B-DEM-0735,2027-03-31
Ciprofloxacin 500mg,DEM-0736,7000000000736,43.32,Box,Antibiotics,Ciprofloxacin,Cipro,500mg,tablet,Bayer,Ciprofloxacin 500mg tablet (24 box),24,311,10,29.47,B-DEM-0736,2027-11-26
Bandage Assorted,DEM-0737,7000000000737,9.58,Pack,First Aid,Adhesive Bandage,Band-Aid,Assorted,tablet,J&J,Adhesive Bandage Assorted tablet (20 pack),20,301,31,5.76,B-DEM-0737,2027-08-31
Valsartan 80mg,DEM-0738,7000000000738,26.68,Box,Cardiovascular,Valsartan,Diovan,80mg,tablet,Novartis,Valsartan 80mg tablet (14 box),14,72,19,16.93,B-DEM-0738,2028-01-30
Ambroxol 30mg,DEM-0739,7000000000739,23.81,Box,Respiratory,Ambroxol,Mucosolvan,30mg,tablet,Sanofi,Ambroxol 30mg tablet (28 box),28,361,24,15.76,B-DEM-0739,2027-07-05
Salbutamol 2mg/5ml 60ml,DEM-0740,7000000000740,6.47,Bottle,Respiratory,Salbutamol,Ventolin,2mg/5ml,syrup,GSK,Salbutamol 2mg/5ml syrup (1 btl),1,393,13,4.04,B-DEM-0740,2027-08-05
Paracetamol 250mg,DEM-0741,7000000000741,41.48,Box,Painkillers,Paracetamol,Panadol,250mg,suppository,GSK,Paracetamol 250mg suppository (30 box),30,117,27,26.26,B-DEM-0741,2027-10-10
Gauze 10x10cm,DEM-0742,7000000000742,40.89,Pack,First Aid,Sterile Gauze,Medline,10x10cm,tablet,Medline,Sterile Gauze 10x10cm tablet (28 pack),28,384,21,27.70,B-DEM-0742,2027-07-31
Clotrimazole 1% 50g,DEM-0743,7000000000743,21.20,Tube,Dermatology,Clotrimazole,Canesten,1%,cream,Bayer,Clotrimazole 1% cream (1 tube),1,340,18,14.78,B-DEM-0743,2027-08-23
Doxycycline 100mg,DEM-0744,7000000000744,35.81,Box,Antibiotics,Doxycycline,Vibramycin,100mg,capsule,Pfizer,Doxycycline 100mg capsule (28 box),28,103,18,22.50,B-DEM-0744,2027-10-28
Antacid 500mg,DEM-0745,7000000000745,21.63,Box,Gastrointestinal,Alginate+Antacid,Gaviscon,500mg,tablet,Reckitt,Alginate+Antacid 500mg tablet (14 box),14,288,5,13.34,B-DEM-0745,2027-08-26
Paracetamol 125mg,DEM-0746,7000000000746,8.68,Box,Painkillers,Paracetamol,Panadol,125mg,suppository,GSK,Paracetamol 125mg suppository (10 box),10,330,29,6.12,B-DEM-0746,2027-08-17
Ibuprofen 5% 30g,DEM-0747,7000000000747,13.15,Tube,Painkillers,Ibuprofen,Advil,5%,gel,Pfizer,Ibuprofen 5% gel (1 tube),1,334,11,8.19,B-DEM-0747,2027-04-09
Losartan 50mg,DEM-0748,7000000000748,30.01,Box,Cardiovascular,Losartan,Cozaar,50mg,tablet,MSD,Losartan 50mg tablet (28 box),28,190,3,18.47,B-DEM-0748,2028-08-09
Esomeprazole 40mg,DEM-0749,7000000000749,164.39,Box,Gastrointestinal,Esomeprazole,Nexium,40mg,capsule,AstraZeneca,Esomeprazole 40mg capsule (60 box),60,111,15,98.84,B-DEM-0749,2028-04-06
Fluconazole 50mg,DEM-0750,7000000000750,78.65,Box,Antibiotics,Fluconazole,Diflucan,50mg,capsule,Pfizer,Fluconazole 50mg capsule (24 box),24,266,1,49.75,B-DEM-0750,2027-12-08
Amlodipine+Valsartan 10/160mg,DEM-0751,7000000000751,62.07,Box,Cardiovascular,Amlodipine+Valsartan,Exforge,10/160mg,tablet,Novartis,Amlodipine+Valsartan 10/160mg tablet (30 box),30,82,16,41.56,B-DEM-0751,2027-10-07
Fluconazole 50mg,DEM-0752,7000000000752,95.81,Box,Antibiotics,Fluconazole,Diflucan,50mg,capsule,Pfizer,Fluconazole 50mg capsule (30 box),30,127,3,68.27,B-DEM-0752,2028-06-04
Multivitamin A-Z,DEM-0753,7000000000753,58.12,Box,Vitamins & Supplements,Multivitamin,Centrum,A-Z,tablet,Pfizer,Multivitamin A-Z tablet (14 box),14,337,9,38.29,B-DEM-0753,2028-05-01
Betamethasone 0.1% 50g,DEM-0754,7000000000754,22.29,Tube,Dermatology,Betamethasone,Betnovate,0.1%,cream,GSK,Betamethasone 0.1% cream (1 tube),1,184,6,16.37,B-DEM-0754,2027-07-07
Colchicine 0.5mg,DEM-0755,7000000000755,24.15,Box,Chronic Care,Colchicine,Colcrys,0.5mg,tablet,Tabuk,Colchicine 0.5mg tablet (28 box),28,204,27,14.93,B-DEM-0755,2027-04-06
Co-Amoxiclav 375mg,DEM-0756,7000000000756,35.63,Box,Antibiotics,Amoxicillin+Clavulanate,Augmentin,375mg,tablet,GSK,Amoxicillin+Clavulanate 375mg tablet (14 box),14,92,25,23.75,B-DEM-0756,2028-08-11
Folic Acid 5mg,DEM-0757,7000000000757,17.02,Box,Baby & Mother,Folic Acid,Folacin,5mg,tablet,Teva,Folic Acid 5mg tablet (30 box),30,331,15,12.18,B-DEM-0757,2028-04-10
Ibuprofen 200mg,DEM-0758,7000000000758,6.76,Box,Painkillers,Ibuprofen,Advil,200mg,tablet,Pfizer,Ibuprofen 200mg tablet (20 box),20,223,14,4.45,B-DEM-0758,2027-11-28
Lisinopril 20mg,DEM-0759,7000000000759,24.49,Box,Cardiovascular,Lisinopril,Zestril,20mg,tablet,AstraZeneca,Lisinopril 20mg tablet (24 box),24,337,6,17.37,B-DEM-0759,2028-02-16
Aspirin 100mg,DEM-0760,7000000000760,24.84,Box,Painkillers,Acetylsalicylic Acid,Aspirin,100mg,tablet,Bayer,Acetylsalicylic Acid 100mg tablet (100 box),100,206,4,16.70,B-DEM-0760,2027-08-07
Vitamin D3 1000IU,DEM-0761,7000000000761,16.43,Box,Vitamins & Supplements,Cholecalciferol,Osso-D,1000IU,capsule,Tabuk,Cholecalciferol 1000IU capsule (10 box),10,403,12,9.99,B-DEM-0761,2028-06-27
Bisoprolol 10mg,DEM-0762,7000000000762,54.52,Box,Cardiovascular,Bisoprolol,Concor,10mg,tablet,Merck,Bisoprolol 10mg tablet (60 box),60,220,4,37.89,B-DEM-0762,2027-07-29
Atorvastatin 20mg,DEM-0763,7000000000763,36.57,Box,Cardiovascular,Atorvastatin,Lipitor,20mg,tablet,Pfizer,Atorvastatin 20mg tablet (24 box),24,114,3,23.46,B-DEM-0763,2028-05-10
Metronidazole 250mg,DEM-0764,7000000000764,10.32,Box,Antibiotics,Metronidazole,Flagyl,250mg,tablet,Sanofi,Metronidazole 250mg tablet (10 box),10,97,26,6.21,B-DEM-0764,2027-08-02
Ibuprofen 400mg,DEM-0765,7000000000765,16.28,Box,Painkillers,Ibuprofen,Advil,400mg,tablet,Pfizer,Ibuprofen 400mg tablet (28 box),28,271,31,11.22,B-DEM-0765,2028-03-17
Nitrofurantoin 50mg,DEM-0766,7000000000766,24.72,Box,Antibiotics,Nitrofurantoin,Furadantin,50mg,tablet,GSK,Nitrofurantoin 50mg tablet (24 box),24,102,6,15.42,B-DEM-0766,2027-08-05
Tramadol 50mg,DEM-0767,7000000000767,33.78,Box,Painkillers,Tramadol,Tramal,50mg,capsule,Grünenthal,Tramadol 50mg capsule (30 box),30,392,22,25.18,B-DEM-0767,2028-07-19
ORS 200ml,DEM-0768,7000000000768,47.74,Box,Gastrointestinal,Oral Rehydration Salts,ORS,200ml,powder,Tabuk,Oral Rehydration Salts 200ml powder (30 box),30,326,2,33.26,B-DEM-0768,2027-09-29
Paracetamol 120mg/5ml 150ml,DEM-0769,7000000000769,10.79,Bottle,Painkillers,Paracetamol,Panadol,120mg/5ml,syrup,GSK,Paracetamol 120mg/5ml syrup (1 btl),1,219,7,7.26,B-DEM-0769,2027-06-03
Cefuroxime 500mg,DEM-0770,7000000000770,52.63,Box,Antibiotics,Cefuroxime,Zinnat,500mg,tablet,GSK,Cefuroxime 500mg tablet (14 box),14,171,23,38.62,B-DEM-0770,2028-05-16
Pantoprazole 40mg,DEM-0771,7000000000771,32.44,Box,Gastrointestinal,Pantoprazole,Pantoloc,40mg,tablet,Takeda,Pantoprazole 40mg tablet (14 box),14,130,12,21.21,B-DEM-0771,2027-10-10
Ambroxol 30mg/5ml 60ml,DEM-0772,7000000000772,10.82,Bottle,Respiratory,Ambroxol,Mucosolvan,30mg/5ml,syrup,Sanofi,Ambroxol 30mg/5ml syrup (1 btl),1,338,2,7.64,B-DEM-0772,2027-12-04
Ibuprofen 200mg,DEM-0773,7000000000773,8.11,Box,Painkillers,Ibuprofen,Advil,200mg,tablet,Pfizer,Ibuprofen 200mg tablet (14 box),14,358,18,5.46,B-DEM-0773,2028-03-21
Co-Amoxiclav 1g,DEM-0774,7000000000774,45.52,Box,Antibiotics,Amoxicillin+Clavulanate,Augmentin,1g,tablet,GSK,Amoxicillin+Clavulanate 1g tablet (14 box),14,307,18,29.52,B-DEM-0774,2027-09-25
Ear Drops 0.5% 100ml,DEM-0775,7000000000775,13.07,Bottle,ENT,Chloramphenicol ED,Otomycin,0.5%,ear_drops,Tabuk,Chloramphenicol ED 0.5% ear_drops (1 btl),1,152,20,9.53,B-DEM-0775,2028-07-11
Glimepiride 2mg,DEM-0776,7000000000776,18.32,Box,Diabetes Care,Glimepiride,Amaryl,2mg,tablet,Sanofi,Glimepiride 2mg tablet (14 box),14,201,17,12.23,B-DEM-0776,2027-06-18
Ibuprofen 600mg,DEM-0777,7000000000777,61.16,Box,Painkillers,Ibuprofen,Advil,600mg,tablet,Pfizer,Ibuprofen 600mg tablet (100 box),100,400,24,36.70,B-DEM-0777,2027-11-18
Cephalexin 125mg/5ml,DEM-0778,7000000000778,18.20,Bottle,Antibiotics,Cephalexin,Keflex,125mg/5ml,suspension,Tabuk,Cephalexin 125mg/5ml suspension (1 btl),1,72,13,11.43,B-DEM-0778,2028-04-09
Atorvastatin 40mg,DEM-0779,7000000000779,90.50,Box,Cardiovascular,Atorvastatin,Lipitor,40mg,tablet,Pfizer,Atorvastatin 40mg tablet (60 box),60,238,24,62.72,B-DEM-0779,2028-05-01
Amoxicillin 500mg,DEM-0780,7000000000780,28.08,Box,Antibiotics,Amoxicillin,Amoxil,500mg,capsule,GSK,Amoxicillin 500mg capsule (28 box),28,253,5,20.92,B-DEM-0780,2028-03-02
Pantoprazole 20mg,DEM-0781,7000000000781,24.87,Box,Gastrointestinal,Pantoprazole,Pantoloc,20mg,tablet,Takeda,Pantoprazole 20mg tablet (14 box),14,349,17,16.78,B-DEM-0781,2028-03-14
Sitagliptin+Metformin 50/1000mg,DEM-0782,7000000000782,237.88,Box,Diabetes Care,Sitagliptin+Metformin,Janumet,50/1000mg,tablet,MSD,Sitagliptin+Metformin 50/1000mg tablet (60 box),60,224,10,157.35,B-DEM-0782,2027-09-12
Baby Oil 200ml,DEM-0783,7000000000783,19.22,Bottle,Baby & Mother,Baby Oil,Johnson's,200ml,suspension,J&J,Baby Oil 200ml suspension (1 btl),1,76,4,13.43,B-DEM-0783,2027-12-23
Glimepiride 2mg,DEM-0784,7000000000784,18.95,Box,Diabetes Care,Glimepiride,Amaryl,2mg,tablet,Sanofi,Glimepiride 2mg tablet (30 box),30,110,6,11.46,B-DEM-0784,2028-06-20
Allopurinol 100mg,DEM-0785,7000000000785,11.78,Box,Chronic Care,Allopurinol,Zyloric,100mg,tablet,GSK,Allopurinol 100mg tablet (14 box),14,385,7,7.12,B-DEM-0785,2027-05-20
Cephalexin 500mg,DEM-0786,7000000000786,33.95,Box,Antibiotics,Cephalexin,Keflex,500mg,capsule,Tabuk,Cephalexin 500mg capsule (24 box),24,374,22,23.05,B-DEM-0786,2027-12-06
Clarithromycin 250mg,DEM-0787,7000000000787,69.57,Box,Antibiotics,Clarithromycin,Klacid,250mg,tablet,Abbott,Clarithromycin 250mg tablet (24 box),24,88,2,44.05,B-DEM-0787,2027-10-04
Azithromycin 500mg,DEM-0788,7000000000788,798.13,Box,Antibiotics,Azithromycin,Zithromax,500mg,tablet,Pfizer,Azithromycin 500mg tablet (100 box),100,316,15,503.87,B-DEM-0788,2028-07-14
Infant Formula 400g,DEM-0789,7000000000789,622.92,Pack,Baby & Mother,Infant Formula,Aptamil,400g,powder,Danone,Infant Formula 400g powder (14 pack),14,249,15,433.45,B-DEM-0789,2028-05-14
ORS 200ml,DEM-0790,7000000000790,91.14,Box,Gastrointestinal,Oral Rehydration Salts,ORS,200ml,powder,Tabuk,Oral Rehydration Salts 200ml powder (60 box),60,106,27,59.73,B-DEM-0790,2028-05-24
Insulin Glargine 100IU/ml,DEM-0791,7000000000791,154.63,Pack,Diabetes Care,Insulin Glargine,Lantus,100IU/ml,injection,Sanofi,Insulin Glargine 100IU/ml injection (5 pack),5,104,18,93.72,B-DEM-0791,2027-12-26
Benzoyl Peroxide 5% 15g,DEM-0792,7000000000792,21.79,Tube,Dermatology,Benzoyl Peroxide,Panoxyl,5%,gel,GSK,Benzoyl Peroxide 5% gel (1 tube),1,318,3,13.78,B-DEM-0792,2028-07-26
Magnesium 300mg,DEM-0793,7000000000793,43.92,Box,Vitamins & Supplements,Magnesium Citrate,Magvital,300mg,tablet,Bayer,Magnesium Citrate 300mg tablet (28 box),28,251,4,27.87,B-DEM-0793,2028-04-05
Clindamycin 1%,DEM-0794,7000000000794,28.02,Tube,Antibiotics,Clindamycin,Dalacin,1%,gel,Pfizer,Clindamycin 1% gel (1 tube),1,348,7,19.57,B-DEM-0794,2027-12-25
Gliclazide 60mg,DEM-0795,7000000000795,38.71,Box,Diabetes Care,Gliclazide,Diamicron,60mg,tablet,Servier,Gliclazide 60mg tablet (28 box),28,274,12,27.58,B-DEM-0795,2028-01-10
Sitagliptin 50mg,DEM-0796,7000000000796,63.98,Box,Diabetes Care,Sitagliptin,Januvia,50mg,tablet,MSD,Sitagliptin 50mg tablet (14 box),14,240,7,44.52,B-DEM-0796,2028-04-26
Sunscreen SPF50+ 15g,DEM-0797,7000000000797,62.23,Tube,Dermatology,Sunscreen,La Roche-Posay,SPF50+,cream,L'Oreal,Sunscreen SPF50+ cream (1 tube),1,133,30,43.55,B-DEM-0797,2028-03-24
Ambroxol 30mg/5ml 100ml,DEM-0798,7000000000798,15.46,Bottle,Respiratory,Ambroxol,Mucosolvan,30mg/5ml,syrup,Sanofi,Ambroxol 30mg/5ml syrup (1 btl),1,228,6,10.21,B-DEM-0798,2028-01-06
Gauze 10x10cm,DEM-0799,7000000000799,12.39,Pack,First Aid,Sterile Gauze,Medline,10x10cm,tablet,Medline,Sterile Gauze 10x10cm tablet (10 pack),10,287,11,9.29,B-DEM-0799,2027-12-29
Loperamide 2mg,DEM-0800,7000000000800,9.86,Box,Gastrointestinal,Loperamide,Imodium,2mg,capsule,J&J,Loperamide 2mg capsule (10 box),10,227,11,7.38,B-DEM-0800,2028-01-06
Cefuroxime 250mg,DEM-0801,7000000000801,53.33,Box,Antibiotics,Cefuroxime,Zinnat,250mg,tablet,GSK,Cefuroxime 250mg tablet (24 box),24,229,14,37.06,B-DEM-0801,2028-04-25
Insulin Aspart 100IU/ml Pen,DEM-0802,7000000000802,436.97,Pack,Diabetes Care,Insulin Aspart,NovoRapid,100IU/ml Pen,injection,Novo Nordisk,Insulin Aspart 100IU/ml Pen injection (10 pack),10,258,16,297.95,B-DEM-0802,2028-01-13
Infant Formula 400g,DEM-0803,7000000000803,2599.08,Pack,Baby & Mother,Infant Formula,Aptamil,400g,powder,Danone,Infant Formula 400g powder (60 pack),60,270,36,1849.73,B-DEM-0803,2028-07-17
Vitamin C 500mg,DEM-0804,7000000000804,15.39,Box,Vitamins & Supplements,Ascorbic Acid,Redoxon,500mg,tablet,Bayer,Ascorbic Acid 500mg tablet (10 box),10,82,15,10.15,B-DEM-0804,2028-08-03
Calcium 600mg+400IU,DEM-0805,7000000000805,68.00,Box,Vitamins & Supplements,Calcium+Vit D,Caltrate,600mg+400IU,tablet,Pfizer,Calcium+Vit D 600mg+400IU tablet (60 box),60,224,20,46.08,B-DEM-0805,2027-04-08
Bandage Assorted,DEM-0806,7000000000806,9.58,Pack,First Aid,Adhesive Bandage,Band-Aid,Assorted,tablet,J&J,Adhesive Bandage Assorted tablet (10 pack),10,216,5,6.06,B-DEM-0806,2027-07-22
Co-Amoxiclav 625mg,DEM-0807,7000000000807,73.60,Box,Antibiotics,Amoxicillin+Clavulanate,Augmentin,625mg,tablet,GSK,Amoxicillin+Clavulanate 625mg tablet (30 box),30,204,13,54.57,B-DEM-0807,2028-05-24
Ibuprofen 100mg/5ml 60ml,DEM-0808,7000000000808,6.85,Bottle,Painkillers,Ibuprofen,Advil,100mg/5ml,syrup,Pfizer,Ibuprofen 100mg/5ml syrup (1 btl),1,242,10,4.15,B-DEM-0808,2027-05-18
Empagliflozin 25mg,DEM-0809,7000000000809,93.08,Box,Diabetes Care,Empagliflozin,Jardiance,25mg,tablet,Boehringer,Empagliflozin 25mg tablet (14 box),14,353,5,60.97,B-DEM-0809,2027-08-13
B-Complex B1+B6+B12,DEM-0810,7000000000810,21.16,Box,Vitamins & Supplements,B-Complex,Neurobion,B1+B6+B12,tablet,Merck,B-Complex B1+B6+B12 tablet (10 box),10,105,8,15.27,B-DEM-0810,2027-08-09
Lisinopril 5mg,DEM-0811,7000000000811,9.85,Box,Cardiovascular,Lisinopril,Zestril,5mg,tablet,AstraZeneca,Lisinopril 5mg tablet (10 box),10,115,26,7.27,B-DEM-0811,2028-01-16
Metformin 500mg,DEM-0812,7000000000812,14.43,Box,Diabetes Care,Metformin,Glucophage,500mg,tablet,Merck,Metformin 500mg tablet (28 box),28,320,21,9.70,B-DEM-0812,2028-05-09
Lisinopril 10mg,DEM-0813,7000000000813,18.82,Box,Cardiovascular,Lisinopril,Zestril,10mg,tablet,AstraZeneca,Lisinopril 10mg tablet (24 box),24,391,37,13.85,B-DEM-0813,2028-05-23
Vitamin C 1000mg,DEM-0814,7000000000814,65.68,Box,Vitamins & Supplements,Ascorbic Acid,Redoxon,1000mg,tablet,Bayer,Ascorbic Acid 1000mg tablet (24 box),24,365,20,46.61,B-DEM-0814,2027-04-19
Etoricoxib 60mg,DEM-0815,7000000000815,88.35,Box,Painkillers,Etoricoxib,Arcoxia,60mg,tablet,MSD,Etoricoxib 60mg tablet (30 box),30,224,3,53.75,B-DEM-0815,2028-05-03
Allopurinol 300mg,DEM-0816,7000000000816,28.86,Box,Chronic Care,Allopurinol,Zyloric,300mg,tablet,GSK,Allopurinol 300mg tablet (30 box),30,125,14,21.34,B-DEM-0816,2027-10-30
Calcium 600mg+400IU,DEM-0817,7000000000817,22.67,Box,Vitamins & Supplements,Calcium+Vit D,Caltrate,600mg+400IU,tablet,Pfizer,Calcium+Vit D 600mg+400IU tablet (10 box),10,373,15,15.82,B-DEM-0817,2028-04-16
Pantoprazole 20mg,DEM-0818,7000000000818,36.88,Box,Gastrointestinal,Pantoprazole,Pantoloc,20mg,tablet,Takeda,Pantoprazole 20mg tablet (28 box),28,88,11,25.63,B-DEM-0818,2028-05-02
Losartan 50mg,DEM-0819,7000000000819,17.45,Box,Cardiovascular,Losartan,Cozaar,50mg,tablet,MSD,Losartan 50mg tablet (10 box),10,356,17,11.31,B-DEM-0819,2027-04-21
Zinc 50mg,DEM-0820,7000000000820,53.45,Box,Vitamins & Supplements,Zinc Gluconate,Zinct,50mg,tablet,Tabuk,Zinc Gluconate 50mg tablet (60 box),60,139,11,37.66,B-DEM-0820,2027-12-13
Sitagliptin 100mg,DEM-0821,7000000000821,63.84,Box,Diabetes Care,Sitagliptin,Januvia,100mg,tablet,MSD,Sitagliptin 100mg tablet (10 box),10,474,130,45.51,B-DEM-0821,2026-11-16
Vitamin B12 500mcg,DEM-0822,7000000000822,20.86,Box,Vitamins & Supplements,Methylcobalamin,Methycobal,500mcg,tablet,Tabuk,Methylcobalamin 500mcg tablet (14 box),14,304,53,13.87,B-DEM-0822,2026-10-18
Ambroxol 30mg,DEM-0823,7000000000823,43.85,Box,Respiratory,Ambroxol,Mucosolvan,30mg,tablet,Sanofi,Ambroxol 30mg tablet (60 box),60,405,63,26.85,B-DEM-0823,2026-11-02
Fexofenadine 180mg,DEM-0824,7000000000824,62.90,Box,Antihistamines,Fexofenadine,Telfast,180mg,tablet,Sanofi,Fexofenadine 180mg tablet (30 box),30,424,170,40.22,B-DEM-0824,2026-11-10
Etoricoxib 90mg,DEM-0825,7000000000825,37.40,Box,Painkillers,Etoricoxib,Arcoxia,90mg,tablet,MSD,Etoricoxib 90mg tablet (14 box),14,437,141,26.72,B-DEM-0825,2026-10-06
Mebeverine 135mg,DEM-0826,7000000000826,28.63,Box,Gastrointestinal,Mebeverine,Duspatalin,135mg,tablet,Abbott,Mebeverine 135mg tablet (14 box),14,422,80,18.88,B-DEM-0826,2026-11-21
Rosuvastatin 10mg,DEM-0827,7000000000827,81.78,Box,Cardiovascular,Rosuvastatin,Crestor,10mg,tablet,AstraZeneca,Rosuvastatin 10mg tablet (60 box),60,259,173,52.09,B-DEM-0827,2026-11-26
Tobramycin ED 0.3% 15g,DEM-0828,7000000000828,17.30,Tube,Eye Care,Tobramycin,Tobrex,0.3%,ointment,Novartis,Tobramycin 0.3% ointment (1 tube),1,484,140,12.16,B-DEM-0828,2026-10-31
Sitagliptin 100mg,DEM-0829,7000000000829,101.08,Box,Diabetes Care,Sitagliptin,Januvia,100mg,tablet,MSD,Sitagliptin 100mg tablet (24 box),24,286,58,67.07,B-DEM-0829,2026-11-11
Fusidic Acid 2% 30g,DEM-0830,7000000000830,26.29,Tube,Dermatology,Fusidic Acid,Fucidin,2%,cream,Leo,Fusidic Acid 2% cream (1 tube),1,174,112,18.12,B-DEM-0830,2026-11-03
Amlodipine 10mg,DEM-0831,7000000000831,24.83,Box,Cardiovascular,Amlodipine,Norvasc,10mg,tablet,Pfizer,Amlodipine 10mg tablet (28 box),28,349,73,17.19,B-DEM-0831,2026-11-03
Sitagliptin+Metformin 50/1000mg,DEM-0832,7000000000832,90.01,Box,Diabetes Care,Sitagliptin+Metformin,Janumet,50/1000mg,tablet,MSD,Sitagliptin+Metformin 50/1000mg tablet (14 box),14,236,67,54.61,B-DEM-0832,2026-11-15
Vitamin D3 5000IU,DEM-0833,7000000000833,60.44,Box,Vitamins & Supplements,Cholecalciferol,Osso-D,5000IU,capsule,Tabuk,Cholecalciferol 5000IU capsule (30 box),30,218,125,43.13,B-DEM-0833,2026-10-09
Gliclazide 60mg,DEM-0834,7000000000834,22.51,Box,Diabetes Care,Gliclazide,Diamicron,60mg,tablet,Servier,Gliclazide 60mg tablet (10 box),10,168,43,16.71,B-DEM-0834,2026-10-21
Cephalexin 250mg,DEM-0835,7000000000835,32.57,Box,Antibiotics,Cephalexin,Keflex,250mg,capsule,Tabuk,Cephalexin 250mg capsule (28 box),28,139,33,22.93,B-DEM-0835,2026-11-02
Rosuvastatin 10mg,DEM-0836,7000000000836,42.52,Box,Cardiovascular,Rosuvastatin,Crestor,10mg,tablet,AstraZeneca,Rosuvastatin 10mg tablet (24 box),24,302,145,25.66,B-DEM-0836,2026-11-19
Tobramycin ED 0.3% 100ml,DEM-0837,7000000000837,23.47,Bottle,Eye Care,Tobramycin,Tobrex,0.3%,eye_drops,Novartis,Tobramycin 0.3% eye_drops (1 btl),1,266,84,16.01,B-DEM-0837,2026-10-16
Iron+Folic 50mg/5ml 60ml,DEM-0838,7000000000838,9.70,Bottle,Vitamins & Supplements,Iron+Folic Acid,Fero-Grad,50mg/5ml,syrup,Teva,Iron+Folic Acid 50mg/5ml syrup (1 btl),1,545,153,6.83,B-DEM-0838,2026-10-08
Atorvastatin 10mg,DEM-0839,7000000000839,57.50,Box,Cardiovascular,Atorvastatin,Lipitor,10mg,tablet,Pfizer,Atorvastatin 10mg tablet (60 box),60,445,126,42.31,B-DEM-0839,2026-12-03
Ciprofloxacin 500mg,DEM-0840,7000000000840,89.18,Box,Antibiotics,Ciprofloxacin,Cipro,500mg,tablet,Bayer,Ciprofloxacin 500mg tablet (60 box),60,247,95,54.31,B-DEM-0840,2026-10-11
Infant Formula 800g,DEM-0841,7000000000841,74.91,Pack,Baby & Mother,Infant Formula,Aptamil,800g,powder,Danone,Infant Formula 800g powder (1 pack),1,153,99,50.17,B-DEM-0841,2026-09-26
Co-Amoxiclav 625mg,DEM-0842,7000000000842,62.56,Box,Antibiotics,Amoxicillin+Clavulanate,Augmentin,625mg,tablet,GSK,Amoxicillin+Clavulanate 625mg tablet (24 box),24,516,129,43.76,B-DEM-0842,2026-10-24
Fluticasone NS 50mcg 60ml,DEM-0843,7000000000843,22.22,Bottle,Respiratory,Fluticasone,Flixonase,50mcg,nasal_spray,GSK,Fluticasone 50mcg nasal_spray (1 btl),1,439,57,14.31,B-DEM-0843,2026-09-22
Clopidogrel 75mg,DEM-0844,7000000000844,27.64,Box,Cardiovascular,Clopidogrel,Plavix,75mg,tablet,Sanofi,Clopidogrel 75mg tablet (10 box),10,189,89,18.69,B-DEM-0844,2026-11-07
Amlodipine+Valsartan 5/80mg,DEM-0845,7000000000845,66.39,Box,Cardiovascular,Amlodipine+Valsartan,Exforge,5/80mg,tablet,Novartis,Amlodipine+Valsartan 5/80mg tablet (24 box),24,299,154,45.13,B-DEM-0845,2026-12-05
Bisoprolol 2.5mg,DEM-0846,7000000000846,12.76,Box,Cardiovascular,Bisoprolol,Concor,2.5mg,tablet,Merck,Bisoprolol 2.5mg tablet (30 box),30,219,158,8.73,B-DEM-0846,2026-11-17
Metronidazole 500mg,DEM-0847,7000000000847,22.56,Box,Antibiotics,Metronidazole,Flagyl,500mg,tablet,Sanofi,Metronidazole 500mg tablet (24 box),24,393,93,14.57,B-DEM-0847,2026-11-26
Montelukast 5mg,DEM-0848,7000000000848,67.98,Box,Respiratory,Montelukast,Singulair,5mg,tablet,MSD,Montelukast 5mg tablet (24 box),24,300,70,44.32,B-DEM-0848,2026-09-22
Empagliflozin 25mg,DEM-0849,7000000000849,138.02,Box,Diabetes Care,Empagliflozin,Jardiance,25mg,tablet,Boehringer,Empagliflozin 25mg tablet (28 box),28,496,190,87.70,B-DEM-0849,2026-10-28
Metronidazole 500mg,DEM-0850,7000000000850,46.45,Box,Antibiotics,Metronidazole,Flagyl,500mg,tablet,Sanofi,Metronidazole 500mg tablet (60 box),60,110,45,33.99,B-DEM-0850,2026-10-22
Insulin Aspart 100IU/ml Pen,DEM-0851,7000000000851,174.79,Pack,Diabetes Care,Insulin Aspart,NovoRapid,100IU/ml Pen,injection,Novo Nordisk,Insulin Aspart 100IU/ml Pen injection (5 pack),5,352,101,108.85,B-DEM-0851,2026-10-18
Doxycycline 100mg,DEM-0852,7000000000852,18.85,Box,Antibiotics,Doxycycline,Vibramycin,100mg,capsule,Pfizer,Doxycycline 100mg capsule (10 box),10,381,65,13.37,B-DEM-0852,2026-10-01
Naproxen 500mg,DEM-0853,7000000000853,17.29,Box,Painkillers,Naproxen,Naprosyn,500mg,tablet,Roche,Naproxen 500mg tablet (14 box),14,529,186,11.46,B-DEM-0853,2026-10-19
Etoricoxib 90mg,DEM-0854,7000000000854,98.84,Box,Painkillers,Etoricoxib,Arcoxia,90mg,tablet,MSD,Etoricoxib 90mg tablet (30 box),30,357,139,72.79,B-DEM-0854,2026-10-29
Multivitamin A-Z,DEM-0855,7000000000855,60.12,Box,Vitamins & Supplements,Multivitamin,Centrum,A-Z,tablet,Pfizer,Multivitamin A-Z tablet (30 box),30,288,168,37.94,B-DEM-0855,2026-10-06
Clarithromycin 250mg,DEM-0856,7000000000856,83.04,Box,Antibiotics,Clarithromycin,Klacid,250mg,tablet,Abbott,Clarithromycin 250mg tablet (30 box),30,376,168,60.57,B-DEM-0856,2026-10-15
Montelukast 4mg,DEM-0857,7000000000857,80.34,Box,Respiratory,Montelukast,Singulair,4mg,tablet,MSD,Montelukast 4mg tablet (30 box),30,188,64,60.20,B-DEM-0857,2026-11-14
Co-Amoxiclav 625mg,DEM-0858,7000000000858,36.80,Box,Antibiotics,Amoxicillin+Clavulanate,Augmentin,625mg,tablet,GSK,Amoxicillin+Clavulanate 625mg tablet (20 box),20,509,174,23.83,B-DEM-0858,2026-10-10
Rosuvastatin 10mg,DEM-0859,7000000000859,46.88,Box,Cardiovascular,Rosuvastatin,Crestor,10mg,tablet,AstraZeneca,Rosuvastatin 10mg tablet (28 box),28,184,60,30.36,B-DEM-0859,2026-10-13
Multivitamin A-Z,DEM-0860,7000000000860,86.17,Box,Vitamins & Supplements,Multivitamin,Centrum,A-Z,tablet,Pfizer,Multivitamin A-Z tablet (28 box),28,316,111,64.13,B-DEM-0860,2026-11-11
Clarithromycin 250mg,DEM-0861,7000000000861,31.42,Box,Antibiotics,Clarithromycin,Klacid,250mg,tablet,Abbott,Clarithromycin 250mg tablet (14 box),14,339,193,19.57,B-DEM-0861,2026-10-25
Atorvastatin 40mg,DEM-0862,7000000000862,30.17,Box,Cardiovascular,Atorvastatin,Lipitor,40mg,tablet,Pfizer,Atorvastatin 40mg tablet (10 box),10,426,63,18.22,B-DEM-0862,2026-10-13
Amoxicillin 125mg/5ml 100ml,DEM-0863,7000000000863,13.88,Bottle,Antibiotics,Amoxicillin,Amoxil,125mg/5ml,suspension,GSK,Amoxicillin 125mg/5ml suspension (1 btl),1,266,98,9.51,B-DEM-0863,2026-12-06
Clopidogrel 75mg,DEM-0864,7000000000864,43.12,Box,Cardiovascular,Clopidogrel,Plavix,75mg,tablet,Sanofi,Clopidogrel 75mg tablet (24 box),24,322,89,30.32,B-DEM-0864,2026-10-19
Sitagliptin 100mg,DEM-0865,7000000000865,74.48,Box,Diabetes Care,Sitagliptin,Januvia,100mg,tablet,MSD,Sitagliptin 100mg tablet (14 box),14,511,152,50.30,B-DEM-0865,2026-10-07
Fluticasone NS 50mcg 100ml,DEM-0866,7000000000866,31.74,Bottle,Respiratory,Fluticasone,Flixonase,50mcg,nasal_spray,GSK,Fluticasone 50mcg nasal_spray (1 btl),1,444,196,19.92,B-DEM-0866,2026-11-06
Ciprofloxacin 500mg,DEM-0867,7000000000867,50.96,Box,Antibiotics,Ciprofloxacin,Cipro,500mg,tablet,Bayer,Ciprofloxacin 500mg tablet (30 box),30,316,151,31.83,B-DEM-0867,2026-10-07
Probiotics 250mg,DEM-0868,7000000000868,102.16,Box,Vitamins & Supplements,Lactobacillus,Enterol,250mg,capsule,Biocodex,Lactobacillus 250mg capsule (30 box),30,395,134,75.48,B-DEM-0868,2026-09-21
Mebeverine 200mg,DEM-0869,7000000000869,48.33,Box,Gastrointestinal,Mebeverine,Duspatalin,200mg,capsule,Abbott,Mebeverine 200mg capsule (24 box),24,355,81,29.48,B-DEM-0869,2026-10-16
Glimepiride 1mg,DEM-0870,7000000000870,20.74,Box,Diabetes Care,Glimepiride,Amaryl,1mg,tablet,Sanofi,Glimepiride 1mg tablet (28 box),28,331,155,15.14,B-DEM-0870,2026-10-31
Warfarin 5mg,DEM-0871,7000000000871,14.69,Box,Chronic Care,Warfarin,Coumadin,5mg,tablet,BMS,Warfarin 5mg tablet (14 box),14,377,133,10.15,B-DEM-0871,2026-09-25
Co-Amoxiclav 375mg,DEM-0872,7000000000872,50.47,Box,Antibiotics,Amoxicillin+Clavulanate,Augmentin,375mg,tablet,GSK,Amoxicillin+Clavulanate 375mg tablet (24 box),24,448,130,34.78,B-DEM-0872,2026-12-02
Fexofenadine 180mg,DEM-0873,7000000000873,31.45,Box,Antihistamines,Fexofenadine,Telfast,180mg,tablet,Sanofi,Fexofenadine 180mg tablet (20 box),20,322,39,19.39,B-DEM-0873,2026-11-25
Cefuroxime 250mg,DEM-0874,7000000000874,62.74,Box,Antibiotics,Cefuroxime,Zinnat,250mg,tablet,GSK,Cefuroxime 250mg tablet (30 box),30,162,92,42.71,B-DEM-0874,2026-11-25
Pantoprazole 20mg,DEM-0875,7000000000875,64.33,Box,Gastrointestinal,Pantoprazole,Pantoloc,20mg,tablet,Takeda,Pantoprazole 20mg tablet (60 box),60,204,129,45.98,B-DEM-0875,2026-11-25
Celecoxib 200mg,DEM-0876,7000000000876,71.06,Box,Painkillers,Celecoxib,Celebrex,200mg,capsule,Pfizer,Celecoxib 200mg capsule (28 box),28,309,104,46.88,B-DEM-0876,2026-11-15
Diclofenac 25mg,DEM-0877,7000000000877,11.98,Box,Painkillers,Diclofenac Sodium,Voltaren,25mg,tablet,Novartis,Diclofenac Sodium 25mg tablet (24 box),24,511,148,7.95,B-DEM-0877,2026-10-11
Bisoprolol 2.5mg,DEM-0878,7000000000878,10.63,Box,Cardiovascular,Bisoprolol,Concor,2.5mg,tablet,Merck,Bisoprolol 2.5mg tablet (10 box),10,542,162,7.12,B-DEM-0878,2026-10-08
Lisinopril 20mg,DEM-0879,7000000000879,18.84,Box,Cardiovascular,Lisinopril,Zestril,20mg,tablet,AstraZeneca,Lisinopril 20mg tablet (30 box),30,402,53,11.62,B-DEM-0879,2026-11-23
Paracetamol 500mg,DEM-0880,7000000000880,18.01,Box,Painkillers,Paracetamol,Panadol,500mg,tablet,GSK,Paracetamol 500mg tablet (100 box),100,344,64,11.92,B-DEM-0880,2026-11-09
Tobramycin ED 0.3% 50g,DEM-0881,7000000000881,37.06,Tube,Eye Care,Tobramycin,Tobrex,0.3%,ointment,Novartis,Tobramycin 0.3% ointment (1 tube),1,228,75,25.52,B-DEM-0881,2026-11-17
Ketoconazole 2% shampoo,DEM-0882,7000000000882,33.15,Bottle,Dermatology,Ketoconazole,Nizoral,2% shampoo,suspension,J&J,Ketoconazole 2% shampoo suspension (1 btl),1,435,53,21.50,B-DEM-0882,2026-10-22
Ibuprofen 400mg,DEM-0883,7000000000883,47.14,Box,Painkillers,Ibuprofen,Advil,400mg,tablet,Pfizer,Ibuprofen 400mg tablet (100 box),100,341,61,29.09,B-DEM-0883,2026-10-01
Fluconazole 150mg,DEM-0884,7000000000884,128.48,Box,Antibiotics,Fluconazole,Diflucan,150mg,capsule,Pfizer,Fluconazole 150mg capsule (10 box),10,368,122,87.18,B-DEM-0884,2026-09-30
Fusidic Acid 2% 15g,DEM-0885,7000000000885,18.40,Tube,Dermatology,Fusidic Acid,Fucidin,2%,cream,Leo,Fusidic Acid 2% cream (1 tube),1,430,186,12.09,B-DEM-0885,2026-10-10
Clarithromycin 500mg,DEM-0886,7000000000886,101.58,Box,Antibiotics,Clarithromycin,Klacid,500mg,tablet,Abbott,Clarithromycin 500mg tablet (28 box),28,460,73,69.56,B-DEM-0886,2026-11-01
Celecoxib 100mg,DEM-0887,7000000000887,28.71,Box,Painkillers,Celecoxib,Celebrex,100mg,capsule,Pfizer,Celecoxib 100mg capsule (10 box),10,147,71,18.00,B-DEM-0887,2026-10-08
Montelukast 5mg,DEM-0888,7000000000888,81.14,Box,Respiratory,Montelukast,Singulair,5mg,tablet,MSD,Montelukast 5mg tablet (30 box),30,386,108,57.57,B-DEM-0888,2026-10-29
Tramadol 50mg,DEM-0889,7000000000889,59.12,Box,Painkillers,Tramadol,Tramal,50mg,capsule,Grünenthal,Tramadol 50mg capsule (60 box),60,307,190,36.51,B-DEM-0889,2026-10-13
Montelukast 10mg,DEM-0890,7000000000890,36.26,Box,Respiratory,Montelukast,Singulair,10mg,tablet,MSD,Montelukast 10mg tablet (14 box),14,334,30,21.82,B-DEM-0890,2026-10-22
Amoxicillin 500mg,DEM-0891,7000000000891,17.74,Box,Antibiotics,Amoxicillin,Amoxil,500mg,capsule,GSK,Amoxicillin 500mg capsule (14 box),14,471,169,12.26,B-DEM-0891,2026-09-20
Bisoprolol 2.5mg,DEM-0892,7000000000892,18.29,Box,Cardiovascular,Bisoprolol,Concor,2.5mg,tablet,Merck,Bisoprolol 2.5mg tablet (28 box),28,367,85,12.78,B-DEM-0892,2026-12-04
Cetirizine 10mg,DEM-0893,7000000000893,21.38,Box,Antihistamines,Cetirizine,Zyrtec,10mg,tablet,J&J,Cetirizine 10mg tablet (28 box),28,196,143,14.76,B-DEM-0893,2026-09-30
Co-Amoxiclav 625mg,DEM-0894,7000000000894,202.40,Box,Antibiotics,Amoxicillin+Clavulanate,Augmentin,625mg,tablet,GSK,Amoxicillin+Clavulanate 625mg tablet (100 box),100,505,170,140.26,B-DEM-0894,2026-10-25
Antacid 500mg,DEM-0895,7000000000895,31.46,Box,Gastrointestinal,Alginate+Antacid,Gaviscon,500mg,tablet,Reckitt,Alginate+Antacid 500mg tablet (24 box),24,426,42,19.58,B-DEM-0895,2026-10-13
Infant Formula 800g,DEM-0896,7000000000896,786.55,Pack,Baby & Mother,Infant Formula,Aptamil,800g,powder,Danone,Infant Formula 800g powder (10 pack),10,430,39,572.67,B-DEM-0896,2026-10-08
Salbutamol 100mcg,DEM-0897,7000000000897,30.79,Piece,Respiratory,Salbutamol,Ventolin,100mcg,inhaler,GSK,Salbutamol 100mcg inhaler (1 pc),1,278,184,20.00,B-DEM-0897,2026-10-28
Infant Formula 400g,DEM-0898,7000000000898,1224.36,Pack,Baby & Mother,Infant Formula,Aptamil,400g,powder,Danone,Infant Formula 400g powder (28 pack),28,189,57,917.12,B-DEM-0898,2026-11-12
Atenolol 50mg,DEM-0899,7000000000899,12.81,Box,Cardiovascular,Atenolol,Tenormin,50mg,tablet,AstraZeneca,Atenolol 50mg tablet (30 box),30,439,102,8.79,B-DEM-0899,2026-12-05
Celecoxib 100mg,DEM-0900,7000000000900,57.42,Box,Painkillers,Celecoxib,Celebrex,100mg,capsule,Pfizer,Celecoxib 100mg capsule (30 box),30,214,146,37.55,B-DEM-0900,2026-12-03
Co-Amoxiclav 625mg,DEM-0901,7000000000901,128.80,Box,Antibiotics,Amoxicillin+Clavulanate,Augmentin,625mg,tablet,GSK,Amoxicillin+Clavulanate 625mg tablet (60 box),60,298,54,83.52,B-DEM-0901,2026-01-08
Amoxicillin 250mg,DEM-0902,7000000000902,43.93,Box,Antibiotics,Amoxicillin,Amoxil,250mg,capsule,GSK,Amoxicillin 250mg capsule (60 box),60,136,53,31.91,B-DEM-0902,2026-03-14
Clarithromycin 125mg/5ml 60ml,DEM-0903,7000000000903,19.42,Bottle,Antibiotics,Clarithromycin,Klacid,125mg/5ml,suspension,Abbott,Clarithromycin 125mg/5ml suspension (1 btl),1,225,35,12.01,B-DEM-0903,2025-10-15
Lisinopril 20mg,DEM-0904,7000000000904,72.22,Box,Cardiovascular,Lisinopril,Zestril,20mg,tablet,AstraZeneca,Lisinopril 20mg tablet (100 box),100,195,38,49.02,B-DEM-0904,2026-03-07
Co-Amoxiclav 625mg,DEM-0905,7000000000905,36.80,Box,Antibiotics,Amoxicillin+Clavulanate,Augmentin,625mg,tablet,GSK,Amoxicillin+Clavulanate 625mg tablet (10 box),10,380,8,25.23,B-DEM-0905,2025-10-02
Nitrofurantoin 50mg,DEM-0906,7000000000906,27.63,Box,Antibiotics,Nitrofurantoin,Furadantin,50mg,tablet,GSK,Nitrofurantoin 50mg tablet (28 box),28,369,10,19.58,B-DEM-0906,2026-04-12
Nitrofurantoin 50mg,DEM-0907,7000000000907,50.89,Box,Antibiotics,Nitrofurantoin,Furadantin,50mg,tablet,GSK,Nitrofurantoin 50mg tablet (60 box),60,214,32,37.01,B-DEM-0907,2026-06-15
Sitagliptin+Metformin 50/500mg,DEM-0908,7000000000908,75.67,Box,Diabetes Care,Sitagliptin+Metformin,Janumet,50/500mg,tablet,MSD,Sitagliptin+Metformin 50/500mg tablet (14 box),14,157,41,49.42,B-DEM-0908,2026-06-23
Cephalexin 250mg,DEM-0909,7000000000909,29.14,Box,Antibiotics,Cephalexin,Keflex,250mg,capsule,Tabuk,Cephalexin 250mg capsule (24 box),24,414,41,19.76,B-DEM-0909,2026-04-19
Sitagliptin+Metformin 50/1000mg,DEM-0910,7000000000910,77.15,Box,Diabetes Care,Sitagliptin+Metformin,Janumet,50/1000mg,tablet,MSD,Sitagliptin+Metformin 50/1000mg tablet (10 box),10,205,36,56.52,B-DEM-0910,2025-11-08
Zinc 50mg,DEM-0911,7000000000911,29.01,Box,Vitamins & Supplements,Zinc Gluconate,Zinct,50mg,tablet,Tabuk,Zinc Gluconate 50mg tablet (28 box),28,305,17,17.92,B-DEM-0911,2025-08-08
Aspirin 100mg,DEM-0912,7000000000912,9.29,Box,Painkillers,Acetylsalicylic Acid,Aspirin,100mg,tablet,Bayer,Acetylsalicylic Acid 100mg tablet (28 box),28,211,55,6.60,B-DEM-0912,2025-10-07
Magnesium 300mg,DEM-0913,7000000000913,39.83,Box,Vitamins & Supplements,Magnesium Citrate,Magvital,300mg,tablet,Bayer,Magnesium Citrate 300mg tablet (24 box),24,260,31,24.17,B-DEM-0913,2026-03-07
Esomeprazole 20mg,DEM-0914,7000000000914,66.28,Box,Gastrointestinal,Esomeprazole,Nexium,20mg,capsule,AstraZeneca,Esomeprazole 20mg capsule (30 box),30,433,56,41.88,B-DEM-0914,2026-06-30
Amlodipine+Valsartan 5/80mg,DEM-0915,7000000000915,49.37,Box,Cardiovascular,Amlodipine+Valsartan,Exforge,5/80mg,tablet,Novartis,Amlodipine+Valsartan 5/80mg tablet (14 box),14,133,49,31.51,B-DEM-0915,2025-12-30
Amoxicillin 250mg,DEM-0916,7000000000916,12.55,Box,Antibiotics,Amoxicillin,Amoxil,250mg,capsule,GSK,Amoxicillin 250mg capsule (10 box),10,77,24,8.57,B-DEM-0916,2026-04-24
Levothyroxine 50mcg,DEM-0917,7000000000917,9.07,Box,Chronic Care,Levothyroxine,Eltroxin,50mcg,tablet,GSK,Levothyroxine 50mcg tablet (10 box),10,389,48,5.91,B-DEM-0917,2026-01-25
Etoricoxib 120mg,DEM-0918,7000000000918,58.02,Box,Painkillers,Etoricoxib,Arcoxia,120mg,tablet,MSD,Etoricoxib 120mg tablet (10 box),10,229,6,36.50,B-DEM-0918,2025-11-05
Amoxicillin 250mg,DEM-0919,7000000000919,12.55,Box,Antibiotics,Amoxicillin,Amoxil,250mg,capsule,GSK,Amoxicillin 250mg capsule (20 box),20,415,35,9.03,B-DEM-0919,2026-04-07
Losartan 100mg,DEM-0920,7000000000920,67.70,Box,Cardiovascular,Losartan,Cozaar,100mg,tablet,MSD,Losartan 100mg tablet (60 box),60,359,35,46.99,B-DEM-0920,2025-10-26
Naproxen 250mg,DEM-0921,7000000000921,18.38,Box,Painkillers,Naproxen,Naprosyn,250mg,tablet,Roche,Naproxen 250mg tablet (24 box),24,112,34,13.59,B-DEM-0921,2026-03-07
Throat Lozenges Honey,DEM-0922,7000000000922,21.09,Box,ENT,Amylmetacresol+DCB,Strepsils,Honey,tablet,Reckitt,Amylmetacresol+DCB Honey tablet (14 box),14,235,24,14.95,B-DEM-0922,2026-05-24
Naproxen 500mg,DEM-0923,7000000000923,14.41,Box,Painkillers,Naproxen,Naprosyn,500mg,tablet,Roche,Naproxen 500mg tablet (10 box),10,439,39,9.10,B-DEM-0923,2025-08-17
Sitagliptin+Metformin 50/500mg,DEM-0924,7000000000924,102.70,Box,Diabetes Care,Sitagliptin+Metformin,Janumet,50/500mg,tablet,MSD,Sitagliptin+Metformin 50/500mg tablet (24 box),24,182,56,62.64,B-DEM-0924,2026-02-05
Lisinopril 20mg,DEM-0925,7000000000925,27.00,Box,Cardiovascular,Lisinopril,Zestril,20mg,tablet,AstraZeneca,Lisinopril 20mg tablet (28 box),28,300,58,17.57,B-DEM-0925,2025-08-23
Empagliflozin 25mg,DEM-0926,7000000000926,96.29,Box,Diabetes Care,Empagliflozin,Jardiance,25mg,tablet,Boehringer,Empagliflozin 25mg tablet (30 box),30,288,39,66.02,B-DEM-0926,2025-10-31
Atenolol 100mg,DEM-0927,7000000000927,42.85,Box,Cardiovascular,Atenolol,Tenormin,100mg,tablet,AstraZeneca,Atenolol 100mg tablet (60 box),60,250,43,31.27,B-DEM-0927,2025-10-06
Antacid 500mg,DEM-0928,7000000000928,37.36,Box,Gastrointestinal,Alginate+Antacid,Gaviscon,500mg,tablet,Reckitt,Alginate+Antacid 500mg tablet (30 box),30,144,50,23.94,B-DEM-0928,2025-08-24
Naproxen 250mg,DEM-0929,7000000000929,20.54,Box,Painkillers,Naproxen,Naprosyn,250mg,tablet,Roche,Naproxen 250mg tablet (28 box),28,224,20,13.72,B-DEM-0929,2026-02-14
Guaifenesin 100mg/5ml 150ml,DEM-0930,7000000000930,21.34,Bottle,Respiratory,Guaifenesin,Mucinex,100mg/5ml,syrup,Reckitt,Guaifenesin 100mg/5ml syrup (1 btl),1,279,38,13.36,B-DEM-0930,2026-01-09
Ciprofloxacin 500mg,DEM-0931,7000000000931,140.14,Box,Antibiotics,Ciprofloxacin,Cipro,500mg,tablet,Bayer,Ciprofloxacin 500mg tablet (100 box),100,331,54,103.28,B-DEM-0931,2025-11-19
Domperidone 1mg/ml 100ml,DEM-0932,7000000000932,12.86,Bottle,Gastrointestinal,Domperidone,Motilium,1mg/ml,suspension,J&J,Domperidone 1mg/ml suspension (1 btl),1,134,6,9.46,B-DEM-0932,2026-04-12
Vitamin B12 1mg/ml,DEM-0933,7000000000933,36.14,Ampoule,Vitamins & Supplements,Methylcobalamin,Methycobal,1mg/ml,injection,Tabuk,Methylcobalamin 1mg/ml injection (5 amp),5,344,26,25.65,B-DEM-0933,2026-04-12
Baby Lotion 200ml,DEM-0934,7000000000934,21.91,Bottle,Baby & Mother,Baby Lotion,Johnson's,200ml,cream,J&J,Baby Lotion 200ml cream (1 btl),1,154,54,13.62,B-DEM-0934,2026-01-22
Meloxicam 15mg,DEM-0935,7000000000935,32.66,Box,Painkillers,Meloxicam,Mobic,15mg,tablet,Boehringer,Meloxicam 15mg tablet (24 box),24,116,48,20.60,B-DEM-0935,2025-10-14
Clarithromycin 500mg,DEM-0936,7000000000936,49.34,Box,Antibiotics,Clarithromycin,Klacid,500mg,tablet,Abbott,Clarithromycin 500mg tablet (10 box),10,138,29,36.00,B-DEM-0936,2026-08-08
Insulin Aspart 100IU/ml Pen,DEM-0937,7000000000937,1066.22,Pack,Diabetes Care,Insulin Aspart,NovoRapid,100IU/ml Pen,injection,Novo Nordisk,Insulin Aspart 100IU/ml Pen injection (28 pack),28,378,24,749.61,B-DEM-0937,2025-08-30
Omega-3 1000mg,DEM-0938,7000000000938,42.05,Box,Vitamins & Supplements,Omega-3 Fish Oil,Seven Seas,1000mg,capsule,P&G,Omega-3 Fish Oil 1000mg capsule (14 box),14,128,26,30.84,B-DEM-0938,2026-04-04
Mebeverine 135mg,DEM-0939,7000000000939,24.68,Box,Gastrointestinal,Mebeverine,Duspatalin,135mg,tablet,Abbott,Mebeverine 135mg tablet (10 box),10,115,54,17.57,B-DEM-0939,2026-07-11
Diaper Rash 125g 15g,DEM-0940,7000000000940,22.71,Tube,Baby & Mother,Zinc Oxide,Sudocrem,125g,cream,Teva,Zinc Oxide 125g cream (1 tube),1,210,53,15.80,B-DEM-0940,2026-01-14
Allopurinol 100mg,DEM-0941,7000000000941,18.66,Box,Chronic Care,Allopurinol,Zyloric,100mg,tablet,GSK,Allopurinol 100mg tablet (28 box),28,339,17,12.00,B-DEM-0941,2025-11-14
Loratadine 5mg/5ml 150ml,DEM-0942,7000000000942,16.66,Bottle,Antihistamines,Loratadine,Clarityne,5mg/5ml,syrup,Bayer,Loratadine 5mg/5ml syrup (1 btl),1,243,54,11.67,B-DEM-0942,2026-03-21
Fexofenadine 120mg,DEM-0943,7000000000943,40.68,Box,Antihistamines,Fexofenadine,Telfast,120mg,tablet,Sanofi,Fexofenadine 120mg tablet (24 box),24,383,15,25.11,B-DEM-0943,2025-12-26
Naproxen 250mg,DEM-0944,7000000000944,10.81,Box,Painkillers,Naproxen,Naprosyn,250mg,tablet,Roche,Naproxen 250mg tablet (10 box),10,266,37,6.82,B-DEM-0944,2025-09-29
Amlodipine 10mg,DEM-0945,7000000000945,66.39,Box,Cardiovascular,Amlodipine,Norvasc,10mg,tablet,Pfizer,Amlodipine 10mg tablet (100 box),100,220,25,41.24,B-DEM-0945,2025-12-24
Metronidazole 250mg,DEM-0946,7000000000946,20.64,Box,Antibiotics,Metronidazole,Flagyl,250mg,tablet,Sanofi,Metronidazole 250mg tablet (30 box),30,383,20,12.60,B-DEM-0946,2025-11-03
Ear Drops 0.5%,DEM-0947,7000000000947,13.07,Bottle,ENT,Chloramphenicol ED,Otomycin,0.5%,ear_drops,Tabuk,Chloramphenicol ED 0.5% ear_drops (1 btl),1,103,39,7.94,B-DEM-0947,2026-03-23
Fexofenadine 180mg,DEM-0948,7000000000948,110.08,Box,Antihistamines,Fexofenadine,Telfast,180mg,tablet,Sanofi,Fexofenadine 180mg tablet (60 box),60,125,48,67.80,B-DEM-0948,2025-09-02
Levothyroxine 50mcg,DEM-0949,7000000000949,15.61,Box,Chronic Care,Levothyroxine,Eltroxin,50mcg,tablet,GSK,Levothyroxine 50mcg tablet (28 box),28,387,32,9.79,B-DEM-0949,2026-02-24
Atorvastatin 40mg,DEM-0950,7000000000950,138.77,Box,Cardiovascular,Atorvastatin,Lipitor,40mg,tablet,Pfizer,Atorvastatin 40mg tablet (100 box),100,410,45,97.82,B-DEM-0950,2026-07-27
Losartan 100mg,DEM-0951,7000000000951,38.81,Box,Cardiovascular,Losartan,Cozaar,100mg,tablet,MSD,Losartan 100mg tablet (28 box),28,104,0,25.22,B-DEM-0951,2027-09-06
Vitamin B12 500mcg,DEM-0952,7000000000952,17.98,Box,Vitamins & Supplements,Methylcobalamin,Methycobal,500mcg,tablet,Tabuk,Methylcobalamin 500mcg tablet (10 box),10,84,0,12.83,B-DEM-0952,2028-03-30
Cephalexin 250mg/5ml 150ml,DEM-0953,7000000000953,32.48,Bottle,Antibiotics,Cephalexin,Keflex,250mg/5ml,suspension,Tabuk,Cephalexin 250mg/5ml suspension (1 btl),1,68,0,23.21,B-DEM-0953,2028-04-20
Diclofenac 1% 30g,DEM-0954,7000000000954,15.04,Tube,Painkillers,Diclofenac Sodium,Voltaren,1%,gel,Novartis,Diclofenac Sodium 1% gel (1 tube),1,76,0,10.86,B-DEM-0954,2027-05-17
Co-Amoxiclav 228mg/5ml 150ml,DEM-0955,7000000000955,33.71,Bottle,Antibiotics,Amoxicillin+Clavulanate,Augmentin,228mg/5ml,suspension,GSK,Amoxicillin+Clavulanate 228mg/5ml suspension (1 btl),1,116,0,22.53,B-DEM-0955,2027-05-19
Amlodipine+Valsartan 10/160mg,DEM-0956,7000000000956,60.00,Box,Cardiovascular,Amlodipine+Valsartan,Exforge,10/160mg,tablet,Novartis,Amlodipine+Valsartan 10/160mg tablet (14 box),14,116,0,38.09,B-DEM-0956,2027-11-26
Lisinopril 5mg,DEM-0957,7000000000957,11.43,Box,Cardiovascular,Lisinopril,Zestril,5mg,tablet,AstraZeneca,Lisinopril 5mg tablet (14 box),14,88,0,8.33,B-DEM-0957,2027-06-12
Fusidic Acid 2%,DEM-0958,7000000000958,28.31,Tube,Dermatology,Fusidic Acid,Fucidin,2%,ointment,Leo,Fusidic Acid 2% ointment (1 tube),1,92,0,18.65,B-DEM-0958,2027-10-03
Cefuroxime 500mg,DEM-0959,7000000000959,83.33,Box,Antibiotics,Cefuroxime,Zinnat,500mg,tablet,GSK,Cefuroxime 500mg tablet (28 box),28,100,0,55.66,B-DEM-0959,2027-09-13
Celecoxib 200mg,DEM-0960,7000000000960,74.80,Box,Painkillers,Celecoxib,Celebrex,200mg,capsule,Pfizer,Celecoxib 200mg capsule (30 box),30,60,0,50.21,B-DEM-0960,2027-05-03
Loratadine 10mg,DEM-0961,7000000000961,26.74,Box,Antihistamines,Loratadine,Clarityne,10mg,tablet,Bayer,Loratadine 10mg tablet (30 box),30,104,0,17.89,B-DEM-0961,2027-12-01
Doxycycline 100mg,DEM-0962,7000000000962,37.70,Box,Antibiotics,Doxycycline,Vibramycin,100mg,capsule,Pfizer,Doxycycline 100mg capsule (30 box),30,80,0,26.96,B-DEM-0962,2027-08-22
Amlodipine+Valsartan 10/160mg,DEM-0963,7000000000963,88.97,Box,Cardiovascular,Amlodipine+Valsartan,Exforge,10/160mg,tablet,Novartis,Amlodipine+Valsartan 10/160mg tablet (28 box),28,76,0,54.76,B-DEM-0963,2027-12-16
Allopurinol 300mg,DEM-0964,7000000000964,24.53,Box,Chronic Care,Allopurinol,Zyloric,300mg,tablet,GSK,Allopurinol 300mg tablet (24 box),24,72,0,16.76,B-DEM-0964,2027-09-13
Cephalexin 500mg,DEM-0965,7000000000965,69.89,Box,Antibiotics,Cephalexin,Keflex,500mg,capsule,Tabuk,Cephalexin 500mg capsule (60 box),60,68,0,47.52,B-DEM-0965,2027-09-01
Co-Amoxiclav 375mg,DEM-0966,7000000000966,163.30,Box,Antibiotics,Amoxicillin+Clavulanate,Augmentin,375mg,tablet,GSK,Amoxicillin+Clavulanate 375mg tablet (100 box),100,108,0,108.11,B-DEM-0966,2028-01-27
Vitamin C 500mg,DEM-0967,7000000000967,26.16,Box,Vitamins & Supplements,Ascorbic Acid,Redoxon,500mg,tablet,Bayer,Ascorbic Acid 500mg tablet (24 box),24,88,0,16.32,B-DEM-0967,2028-01-05
Amoxicillin 500mg,DEM-0968,7000000000968,14.78,Box,Antibiotics,Amoxicillin,Amoxil,500mg,capsule,GSK,Amoxicillin 500mg capsule (20 box),20,120,0,9.01,B-DEM-0968,2027-10-13
Atorvastatin 20mg,DEM-0969,7000000000969,107.83,Box,Cardiovascular,Atorvastatin,Lipitor,20mg,tablet,Pfizer,Atorvastatin 20mg tablet (100 box),100,84,0,74.26,B-DEM-0969,2028-03-20
Terbinafine 250mg,DEM-0970,7000000000970,98.20,Box,Dermatology,Terbinafine,Lamisil,250mg,tablet,Novartis,Terbinafine 250mg tablet (28 box),28,112,0,70.52,B-DEM-0970,2028-01-15
Lisinopril 5mg,DEM-0971,7000000000971,11.82,Box,Cardiovascular,Lisinopril,Zestril,5mg,tablet,AstraZeneca,Lisinopril 5mg tablet (30 box),30,88,0,8.27,B-DEM-0971,2027-06-27
Glimepiride 1mg,DEM-0972,7000000000972,12.06,Box,Diabetes Care,Glimepiride,Amaryl,1mg,tablet,Sanofi,Glimepiride 1mg tablet (10 box),10,68,0,8.92,B-DEM-0972,2028-04-12
Guaifenesin 200mg,DEM-0973,7000000000973,13.21,Box,Respiratory,Guaifenesin,Mucinex,200mg,tablet,Reckitt,Guaifenesin 200mg tablet (20 box),20,120,0,9.10,B-DEM-0973,2027-05-28
Simethicone 80mg,DEM-0974,7000000000974,18.96,Box,Gastrointestinal,Simethicone,Disflatyl,80mg,tablet,Tabuk,Simethicone 80mg tablet (24 box),24,116,0,12.95,B-DEM-0974,2027-09-13
Rosuvastatin 20mg,DEM-0975,7000000000975,103.58,Box,Cardiovascular,Rosuvastatin,Crestor,20mg,tablet,AstraZeneca,Rosuvastatin 20mg tablet (60 box),60,116,0,66.93,B-DEM-0975,2027-06-29
Cetirizine 10mg,DEM-0976,7000000000976,12.31,Box,Antihistamines,Cetirizine,Zyrtec,10mg,tablet,J&J,Cetirizine 10mg tablet (14 box),14,108,0,8.49,B-DEM-0976,2027-05-05
Insulin Glargine 100IU/ml,DEM-0977,7000000000977,3169.91,Pack,Diabetes Care,Insulin Glargine,Lantus,100IU/ml,injection,Sanofi,Insulin Glargine 100IU/ml injection (100 pack),100,108,0,2136.98,B-DEM-0977,2027-09-14
Pantoprazole 40mg,DEM-0978,7000000000978,43.63,Box,Gastrointestinal,Pantoprazole,Pantoloc,40mg,tablet,Takeda,Pantoprazole 40mg tablet (24 box),24,64,0,27.60,B-DEM-0978,2027-05-16
Diclofenac 50mg,DEM-0979,7000000000979,17.67,Box,Painkillers,Diclofenac Sodium,Voltaren,50mg,tablet,Novartis,Diclofenac Sodium 50mg tablet (28 box),28,76,0,13.00,B-DEM-0979,2028-01-22
Atenolol 100mg,DEM-0980,7000000000980,16.57,Box,Cardiovascular,Atenolol,Tenormin,100mg,tablet,AstraZeneca,Atenolol 100mg tablet (14 box),14,60,0,10.31,B-DEM-0980,2028-04-21
Atenolol 50mg,DEM-0981,7000000000981,10.67,Box,Cardiovascular,Atenolol,Tenormin,50mg,tablet,AstraZeneca,Atenolol 50mg tablet (10 box),10,76,0,7.25,B-DEM-0981,2027-11-17
Esomeprazole 40mg,DEM-0982,7000000000982,90.78,Box,Gastrointestinal,Esomeprazole,Nexium,40mg,capsule,AstraZeneca,Esomeprazole 40mg capsule (30 box),30,108,0,62.34,B-DEM-0982,2028-02-09
Antacid 500mg/10ml 100ml,DEM-0983,7000000000983,22.22,Bottle,Gastrointestinal,Alginate+Antacid,Gaviscon,500mg/10ml,suspension,Reckitt,Alginate+Antacid 500mg/10ml suspension (1 btl),1,84,0,15.60,B-DEM-0983,2027-07-14
Cephalexin 250mg,DEM-0984,7000000000984,20.57,Box,Antibiotics,Cephalexin,Keflex,250mg,capsule,Tabuk,Cephalexin 250mg capsule (14 box),14,100,0,14.10,B-DEM-0984,2027-08-31
Hydrochlorothiazide 25mg,DEM-0985,7000000000985,8.88,Box,Cardiovascular,Hydrochlorothiazide,Esidrex,25mg,tablet,Novartis,Hydrochlorothiazide 25mg tablet (14 box),14,96,0,6.28,B-DEM-0985,2027-11-08
Cephalexin 500mg,DEM-0986,7000000000986,37.94,Box,Antibiotics,Cephalexin,Keflex,500mg,capsule,Tabuk,Cephalexin 500mg capsule (28 box),28,104,0,26.08,B-DEM-0986,2027-05-15
Hydrocortisone 1%,DEM-0987,7000000000987,11.87,Tube,Dermatology,Hydrocortisone,Cortaid,1%,cream,J&J,Hydrocortisone 1% cream (1 tube),1,108,0,8.64,B-DEM-0987,2027-06-04
Aspirin 300mg,DEM-0988,7000000000988,7.77,Box,Painkillers,Acetylsalicylic Acid,Aspirin,300mg,tablet,Bayer,Acetylsalicylic Acid 300mg tablet (20 box),20,64,0,5.71,B-DEM-0988,2027-10-06
Tobramycin ED 0.3% 60ml,DEM-0989,7000000000989,16.43,Bottle,Eye Care,Tobramycin,Tobrex,0.3%,eye_drops,Novartis,Tobramycin 0.3% eye_drops (1 btl),1,64,0,11.59,B-DEM-0989,2027-03-31
Losartan 100mg,DEM-0990,7000000000990,103.81,Box,Cardiovascular,Losartan,Cozaar,100mg,tablet,MSD,Losartan 100mg tablet (100 box),100,104,0,75.70,B-DEM-0990,2027-05-26
Probiotics 250mg,DEM-0991,7000000000991,121.22,Box,Vitamins & Supplements,Lactobacillus,Enterol,250mg,capsule,Biocodex,Lactobacillus 250mg capsule (24 box),24,60,0,80.58,B-DEM-0991,2027-07-29
Sitagliptin+Metformin 50/1000mg,DEM-0992,7000000000992,90.01,Box,Diabetes Care,Sitagliptin+Metformin,Janumet,50/1000mg,tablet,MSD,Sitagliptin+Metformin 50/1000mg tablet (28 box),28,108,0,58.30,B-DEM-0992,2028-02-14
Vitamin D3 400IU/drop 150ml,DEM-0993,7000000000993,31.98,Bottle,Vitamins & Supplements,Cholecalciferol,Osso-D,400IU/drop,drops,Tabuk,Cholecalciferol 400IU/drop drops (1 btl),1,108,0,21.02,B-DEM-0993,2027-10-24
Allopurinol 100mg,DEM-0994,7000000000994,34.37,Box,Chronic Care,Allopurinol,Zyloric,100mg,tablet,GSK,Allopurinol 100mg tablet (60 box),60,84,0,21.52,B-DEM-0994,2028-03-04
Moisturizer 10% Urea,DEM-0995,7000000000995,49.98,Tube,Dermatology,Glycerin+Urea,Eucerin,10% Urea,cream,Beiersdorf,Glycerin+Urea 10% Urea cream (1 tube),1,76,0,34.15,B-DEM-0995,2027-07-05
Paracetamol 250mg,DEM-0996,7000000000996,11.85,Box,Painkillers,Paracetamol,Panadol,250mg,suppository,GSK,Paracetamol 250mg suppository (10 box),10,104,0,7.38,B-DEM-0996,2027-10-30
Paracetamol 125mg,DEM-0997,7000000000997,91.14,Box,Painkillers,Paracetamol,Panadol,125mg,suppository,GSK,Paracetamol 125mg suppository (100 box),100,76,0,54.84,B-DEM-0997,2027-06-07
Magnesium 300mg,DEM-0998,7000000000998,25.53,Box,Vitamins & Supplements,Magnesium Citrate,Magvital,300mg,tablet,Bayer,Magnesium Citrate 300mg tablet (10 box),10,60,0,18.08,B-DEM-0998,2027-06-12
Warfarin 5mg,DEM-0999,7000000000999,19.76,Box,Chronic Care,Warfarin,Coumadin,5mg,tablet,BMS,Warfarin 5mg tablet (24 box),24,120,0,13.15,B-DEM-0999,2028-03-01
Sitagliptin 50mg,DEM-1000,7000000001000,169.09,Box,Diabetes Care,Sitagliptin,Januvia,50mg,tablet,MSD,Sitagliptin 50mg tablet (60 box),60,76,0,104.93,B-DEM-1000,2027-05-13
